pair_id	style	prompt_far	prompt_close	negative_prompt
focus_00000	an oil painting of	centered owl face, bold silhouette	intricate eagle feathers, fine edges	text, watermark, logo, blurry, low contrast, low quality, distorted anatomy
focus_00001	an oil painting of	centered owl face, bold silhouette	high-frequency peacock plumage, dense texture	text, watermark, logo, blurry, low contrast, low quality, distorted anatomy
focus_00002	an oil painting of	centered owl face, bold silhouette	delicate owl feathers, rich micro-details	text, watermark, logo, blurry, low contrast, low quality, distorted anatomy
focus_00003	an oil painting of	centered owl face, bold silhouette	textured phoenix feathers, fine edges	text, watermark, logo, blurry, low contrast, low quality, distorted anatomy
focus_00004	an oil painting of	centered owl face, bold silhouette	ultra-detailed rose petals, busy surface patterns	text, watermark, logo, blurry, low contrast, low quality, distorted anatomy
focus_00005	an oil painting of	centered owl face, bold silhouette	intricate sunflower petals, dense texture	text, watermark, logo, blurry, low contrast, low quality, distorted anatomy
focus_00006	an oil painting of	centered owl face, bold silhouette	filigreed ivy vines, ornamental detail	text, watermark, logo, blurry, low contrast, low quality, distorted anatomy
focus_00007	an oil painting of	centered owl face, bold silhouette	delicate wild mushrooms, busy surface patterns	text, watermark, logo, blurry, low contrast, low quality, distorted anatomy
focus_00008	an oil painting of	centered owl face, bold silhouette	intricate autumn leaves, rich micro-details	text, watermark, logo, blurry, low contrast, low quality, distorted anatomy
focus_00009	an oil painting of	centered owl face, bold silhouette	ornate coral branches, dense texture	text, watermark, logo, blurry, low contrast, low quality, distorted anatomy
focus_00010	an oil painting of	centered owl face, bold silhouette	filigreed stained glass fragments, fine edges	text, watermark, logo, blurry, low contrast, low quality, distorted anatomy
focus_00011	an oil painting of	centered owl face, bold silhouette	high-frequency mosaic tiles, rich micro-details	text, watermark, logo, blurry, low contrast, low quality, distorted anatomy
focus_00012	an oil painting of	centered owl face, bold silhouette	embroidered fabric, dense texture	text, watermark, logo, blurry, low contrast, low quality, distorted anatomy
focus_00013	an oil painting of	centered owl face, bold silhouette	ornate lace, fine edges	text, watermark, logo, blurry, low contrast, low quality, distorted anatomy
focus_00014	an oil painting of	centered owl face, bold silhouette	high-frequency folded origami layers, fine edges	text, watermark, logo, blurry, low contrast, low quality, distorted anatomy
focus_00015	an oil painting of	centered owl face, bold silhouette	ceramic shards, busy surface patterns	text, watermark, logo, blurry, low contrast, low quality, distorted anatomy
focus_00016	an oil painting of	centered owl face, bold silhouette	intricate watch gears, dense texture	text, watermark, logo, blurry, low contrast, low quality, distorted anatomy
focus_00017	an oil painting of	centered owl face, bold silhouette	ornate brass filigree, ornamental detail	text, watermark, logo, blurry, low contrast, low quality, distorted anatomy
focus_00018	an oil painting of	centered owl face, bold silhouette	high-frequency circuit traces, fine edges	text, watermark, logo, blurry, low contrast, low quality, distorted anatomy
focus_00019	an oil painting of	centered owl face, bold silhouette	mechanical engravings, rich micro-details	text, watermark, logo, blurry, low contrast, low quality, distorted anatomy
focus_00020	an oil painting of	centered owl face, bold silhouette	intricate snake scales, dense texture	text, watermark, logo, blurry, low contrast, low quality, distorted anatomy
focus_00021	an oil painting of	centered owl face, bold silhouette	frost crystals, fine edges	text, watermark, logo, blurry, low contrast, low quality, distorted anatomy
focus_00022	an oil painting of	centered owl face, bold silhouette	ornate smoke swirls, close-up view	text, watermark, logo, blurry, low contrast, low quality, distorted anatomy
focus_00023	an oil painting of	centered owl face, bold silhouette	gemstone facets, busy surface patterns	text, watermark, logo, blurry, low contrast, low quality, distorted anatomy
focus_00024	an oil painting of	centered owl face, bold silhouette	woven threads, dense texture	text, watermark, logo, blurry, low contrast, low quality, distorted anatomy
focus_00025	an oil painting of	iconic rabbit silhouette, large simple shapes	intricate eagle feathers, fine edges	text, watermark, logo, blurry, low contrast, low quality, distorted anatomy
focus_00026	an oil painting of	iconic rabbit silhouette, large simple shapes	high-frequency peacock plumage, dense texture	text, watermark, logo, blurry, low contrast, low quality, distorted anatomy
focus_00027	an oil painting of	iconic rabbit silhouette, large simple shapes	delicate owl feathers, rich micro-details	text, watermark, logo, blurry, low contrast, low quality, distorted anatomy
focus_00028	an oil painting of	iconic rabbit silhouette, large simple shapes	textured phoenix feathers, fine edges	text, watermark, logo, blurry, low contrast, low quality, distorted anatomy
focus_00029	an oil painting of	iconic rabbit silhouette, large simple shapes	ultra-detailed rose petals, busy surface patterns	text, watermark, logo, blurry, low contrast, low quality, distorted anatomy
focus_00030	an oil painting of	iconic rabbit silhouette, large simple shapes	intricate sunflower petals, dense texture	text, watermark, logo, blurry, low contrast, low quality, distorted anatomy
focus_00031	an oil painting of	iconic rabbit silhouette, large simple shapes	filigreed ivy vines, ornamental detail	text, watermark, logo, blurry, low contrast, low quality, distorted anatomy
focus_00032	an oil painting of	iconic rabbit silhouette, large simple shapes	delicate wild mushrooms, busy surface patterns	text, watermark, logo, blurry, low contrast, low quality, distorted anatomy
focus_00033	an oil painting of	iconic rabbit silhouette, large simple shapes	intricate autumn leaves, rich micro-details	text, watermark, logo, blurry, low contrast, low quality, distorted anatomy
focus_00034	an oil painting of	iconic rabbit silhouette, large simple shapes	ornate coral branches, dense texture	text, watermark, logo, blurry, low contrast, low quality, distorted anatomy
focus_00035	an oil painting of	iconic rabbit silhouette, large simple shapes	filigreed stained glass fragments, fine edges	text, watermark, logo, blurry, low contrast, low quality, distorted anatomy
focus_00036	an oil painting of	iconic rabbit silhouette, large simple shapes	high-frequency mosaic tiles, rich micro-details	text, watermark, logo, blurry, low contrast, low quality, distorted anatomy
focus_00037	an oil painting of	iconic rabbit silhouette, large simple shapes	embroidered fabric, dense texture	text, watermark, logo, blurry, low contrast, low quality, distorted anatomy
focus_00038	an oil painting of	iconic rabbit silhouette, large simple shapes	ornate lace, fine edges	text, watermark, logo, blurry, low contrast, low quality, distorted anatomy
focus_00039	an oil painting of	iconic rabbit silhouette, large simple shapes	high-frequency folded origami layers, fine edges	text, watermark, logo, blurry, low contrast, low quality, distorted anatomy
focus_00040	an oil painting of	iconic rabbit silhouette, large simple shapes	ceramic shards, busy surface patterns	text, watermark, logo, blurry, low contrast, low quality, distorted anatomy
focus_00041	an oil painting of	iconic rabbit silhouette, large simple shapes	intricate watch gears, dense texture	text, watermark, logo, blurry, low contrast, low quality, distorted anatomy
focus_00042	an oil painting of	iconic rabbit silhouette, large simple shapes	ornate brass filigree, ornamental detail	text, watermark, logo, blurry, low contrast, low quality, distorted anatomy
focus_00043	an oil painting of	iconic rabbit silhouette, large simple shapes	high-frequency circuit traces, fine edges	text, watermark, logo, blurry, low contrast, low quality, distorted anatomy
focus_00044	an oil painting of	iconic rabbit silhouette, large simple shapes	mechanical engravings, rich micro-details	text, watermark, logo, blurry, low contrast, low quality, distorted anatomy
focus_00045	an oil painting of	iconic rabbit silhouette, large simple shapes	intricate snake scales, dense texture	text, watermark, logo, blurry, low contrast, low quality, distorted anatomy
focus_00046	an oil painting of	iconic rabbit silhouette, large simple shapes	frost crystals, fine edges	text, watermark, logo, blurry, low contrast, low quality, distorted anatomy
focus_00047	an oil painting of	iconic rabbit silhouette, large simple shapes	ornate smoke swirls, close-up view	text, watermark, logo, blurry, low contrast, low quality, distorted anatomy
focus_00048	an oil painting of	iconic rabbit silhouette, large simple shapes	gemstone facets, busy surface patterns	text, watermark, logo, blurry, low contrast, low quality, distorted anatomy
focus_00049	an oil painting of	iconic rabbit silhouette, large simple shapes	woven threads, dense texture	text, watermark, logo, blurry, low contrast, low quality, distorted anatomy
focus_00050	an oil painting of	poster-like serene monk face, symmetrical layout	intricate eagle feathers, fine edges	text, watermark, logo, blurry, low contrast, low quality, distorted anatomy
focus_00051	an oil painting of	poster-like serene monk face, symmetrical layout	high-frequency peacock plumage, dense texture	text, watermark, logo, blurry, low contrast, low quality, distorted anatomy
focus_00052	an oil painting of	poster-like serene monk face, symmetrical layout	delicate owl feathers, rich micro-details	text, watermark, logo, blurry, low contrast, low quality, distorted anatomy
focus_00053	an oil painting of	poster-like serene monk face, symmetrical layout	textured phoenix feathers, fine edges	text, watermark, logo, blurry, low contrast, low quality, distorted anatomy
focus_00054	an oil painting of	poster-like serene monk face, symmetrical layout	ultra-detailed rose petals, busy surface patterns	text, watermark, logo, blurry, low contrast, low quality, distorted anatomy
focus_00055	an oil painting of	poster-like serene monk face, symmetrical layout	intricate sunflower petals, dense texture	text, watermark, logo, blurry, low contrast, low quality, distorted anatomy
focus_00056	an oil painting of	poster-like serene monk face, symmetrical layout	filigreed ivy vines, ornamental detail	text, watermark, logo, blurry, low contrast, low quality, distorted anatomy
focus_00057	an oil painting of	poster-like serene monk face, symmetrical layout	delicate wild mushrooms, busy surface patterns	text, watermark, logo, blurry, low contrast, low quality, distorted anatomy
focus_00058	an oil painting of	poster-like serene monk face, symmetrical layout	intricate autumn leaves, rich micro-details	text, watermark, logo, blurry, low contrast, low quality, distorted anatomy
focus_00059	an oil painting of	poster-like serene monk face, symmetrical layout	ornate coral branches, dense texture	text, watermark, logo, blurry, low contrast, low quality, distorted anatomy
focus_00060	an oil painting of	poster-like serene monk face, symmetrical layout	filigreed stained glass fragments, fine edges	text, watermark, logo, blurry, low contrast, low quality, distorted anatomy
focus_00061	an oil painting of	poster-like serene monk face, symmetrical layout	high-frequency mosaic tiles, rich micro-details	text, watermark, logo, blurry, low contrast, low quality, distorted anatomy
focus_00062	an oil painting of	poster-like serene monk face, symmetrical layout	embroidered fabric, dense texture	text, watermark, logo, blurry, low contrast, low quality, distorted anatomy
focus_00063	an oil painting of	poster-like serene monk face, symmetrical layout	ornate lace, fine edges	text, watermark, logo, blurry, low contrast, low quality, distorted anatomy
focus_00064	an oil painting of	poster-like serene monk face, symmetrical layout	high-frequency folded origami layers, fine edges	text, watermark, logo, blurry, low contrast, low quality, distorted anatomy
focus_00065	an oil painting of	poster-like serene monk face, symmetrical layout	ceramic shards, busy surface patterns	text, watermark, logo, blurry, low contrast, low quality, distorted anatomy
focus_00066	an oil painting of	poster-like serene monk face, symmetrical layout	intricate watch gears, dense texture	text, watermark, logo, blurry, low contrast, low quality, distorted anatomy
focus_00067	an oil painting of	poster-like serene monk face, symmetrical layout	ornate brass filigree, ornamental detail	text, watermark, logo, blurry, low contrast, low quality, distorted anatomy
focus_00068	an oil painting of	poster-like serene monk face, symmetrical layout	high-frequency circuit traces, fine edges	text, watermark, logo, blurry, low contrast, low quality, distorted anatomy
focus_00069	an oil painting of	poster-like serene monk face, symmetrical layout	mechanical engravings, rich micro-details	text, watermark, logo, blurry, low contrast, low quality, distorted anatomy
focus_00070	an oil painting of	poster-like serene monk face, symmetrical layout	intricate snake scales, dense texture	text, watermark, logo, blurry, low contrast, low quality, distorted anatomy
focus_00071	an oil painting of	poster-like serene monk face, symmetrical layout	frost crystals, fine edges	text, watermark, logo, blurry, low contrast, low quality, distorted anatomy
focus_00072	an oil painting of	poster-like serene monk face, symmetrical layout	ornate smoke swirls, close-up view	text, watermark, logo, blurry, low contrast, low quality, distorted anatomy
focus_00073	an oil painting of	poster-like serene monk face, symmetrical layout	gemstone facets, busy surface patterns	text, watermark, logo, blurry, low contrast, low quality, distorted anatomy
focus_00074	an oil painting of	poster-like serene monk face, symmetrical layout	woven threads, dense texture	text, watermark, logo, blurry, low contrast, low quality, distorted anatomy
focus_00075	an oil painting of	monumental lighthouse, centered composition	intricate eagle feathers, fine edges	text, watermark, logo, blurry, low contrast, low quality, distorted anatomy
focus_00076	an oil painting of	monumental lighthouse, centered composition	high-frequency peacock plumage, dense texture	text, watermark, logo, blurry, low contrast, low quality, distorted anatomy
focus_00077	an oil painting of	monumental lighthouse, centered composition	delicate owl feathers, rich micro-details	text, watermark, logo, blurry, low contrast, low quality, distorted anatomy
focus_00078	an oil painting of	monumental lighthouse, centered composition	textured phoenix feathers, fine edges	text, watermark, logo, blurry, low contrast, low quality, distorted anatomy
focus_00079	an oil painting of	monumental lighthouse, centered composition	ultra-detailed rose petals, busy surface patterns	text, watermark, logo, blurry, low contrast, low quality, distorted anatomy
focus_00080	an oil painting of	monumental lighthouse, centered composition	intricate sunflower petals, dense texture	text, watermark, logo, blurry, low contrast, low quality, distorted anatomy
focus_00081	an oil painting of	monumental lighthouse, centered composition	filigreed ivy vines, ornamental detail	text, watermark, logo, blurry, low contrast, low quality, distorted anatomy
focus_00082	an oil painting of	monumental lighthouse, centered composition	delicate wild mushrooms, busy surface patterns	text, watermark, logo, blurry, low contrast, low quality, distorted anatomy
focus_00083	an oil painting of	monumental lighthouse, centered composition	intricate autumn leaves, rich micro-details	text, watermark, logo, blurry, low contrast, low quality, distorted anatomy
focus_00084	an oil painting of	monumental lighthouse, centered composition	ornate coral branches, dense texture	text, watermark, logo, blurry, low contrast, low quality, distorted anatomy
focus_00085	an oil painting of	monumental lighthouse, centered composition	filigreed stained glass fragments, fine edges	text, watermark, logo, blurry, low contrast, low quality, distorted anatomy
focus_00086	an oil painting of	monumental lighthouse, centered composition	high-frequency mosaic tiles, rich micro-details	text, watermark, logo, blurry, low contrast, low quality, distorted anatomy
focus_00087	an oil painting of	monumental lighthouse, centered composition	embroidered fabric, dense texture	text, watermark, logo, blurry, low contrast, low quality, distorted anatomy
focus_00088	an oil painting of	monumental lighthouse, centered composition	ornate lace, fine edges	text, watermark, logo, blurry, low contrast, low quality, distorted anatomy
focus_00089	an oil painting of	monumental lighthouse, centered composition	high-frequency folded origami layers, fine edges	text, watermark, logo, blurry, low contrast, low quality, distorted anatomy
focus_00090	an oil painting of	monumental lighthouse, centered composition	ceramic shards, busy surface patterns	text, watermark, logo, blurry, low contrast, low quality, distorted anatomy
focus_00091	an oil painting of	monumental lighthouse, centered composition	intricate watch gears, dense texture	text, watermark, logo, blurry, low contrast, low quality, distorted anatomy
focus_00092	an oil painting of	monumental lighthouse, centered composition	ornate brass filigree, ornamental detail	text, watermark, logo, blurry, low contrast, low quality, distorted anatomy
focus_00093	an oil painting of	monumental lighthouse, centered composition	high-frequency circuit traces, fine edges	text, watermark, logo, blurry, low contrast, low quality, distorted anatomy
focus_00094	an oil painting of	monumental lighthouse, centered composition	mechanical engravings, rich micro-details	text, watermark, logo, blurry, low contrast, low quality, distorted anatomy
focus_00095	an oil painting of	monumental lighthouse, centered composition	intricate snake scales, dense texture	text, watermark, logo, blurry, low contrast, low quality, distorted anatomy
focus_00096	an oil painting of	monumental lighthouse, centered composition	frost crystals, fine edges	text, watermark, logo, blurry, low contrast, low quality, distorted anatomy
focus_00097	an oil painting of	monumental lighthouse, centered composition	ornate smoke swirls, close-up view	text, watermark, logo, blurry, low contrast, low quality, distorted anatomy
focus_00098	an oil painting of	monumental lighthouse, centered composition	gemstone facets, busy surface patterns	text, watermark, logo, blurry, low contrast, low quality, distorted anatomy
focus_00099	an oil painting of	monumental lighthouse, centered composition	woven threads, dense texture	text, watermark, logo, blurry, low contrast, low quality, distorted anatomy
focus_00100	an oil painting of	high-contrast butterfly, symmetrical layout	intricate eagle feathers, fine edges	text, watermark, logo, blurry, low contrast, low quality, distorted anatomy
focus_00101	an oil painting of	high-contrast butterfly, symmetrical layout	high-frequency peacock plumage, dense texture	text, watermark, logo, blurry, low contrast, low quality, distorted anatomy
focus_00102	an oil painting of	high-contrast butterfly, symmetrical layout	delicate owl feathers, rich micro-details	text, watermark, logo, blurry, low contrast, low quality, distorted anatomy
focus_00103	an oil painting of	high-contrast butterfly, symmetrical layout	textured phoenix feathers, fine edges	text, watermark, logo, blurry, low contrast, low quality, distorted anatomy
focus_00104	an oil painting of	high-contrast butterfly, symmetrical layout	ultra-detailed rose petals, busy surface patterns	text, watermark, logo, blurry, low contrast, low quality, distorted anatomy
focus_00105	an oil painting of	high-contrast butterfly, symmetrical layout	intricate sunflower petals, dense texture	text, watermark, logo, blurry, low contrast, low quality, distorted anatomy
focus_00106	an oil painting of	high-contrast butterfly, symmetrical layout	filigreed ivy vines, ornamental detail	text, watermark, logo, blurry, low contrast, low quality, distorted anatomy
focus_00107	an oil painting of	high-contrast butterfly, symmetrical layout	delicate wild mushrooms, busy surface patterns	text, watermark, logo, blurry, low contrast, low quality, distorted anatomy
focus_00108	an oil painting of	high-contrast butterfly, symmetrical layout	intricate autumn leaves, rich micro-details	text, watermark, logo, blurry, low contrast, low quality, distorted anatomy
focus_00109	an oil painting of	high-contrast butterfly, symmetrical layout	ornate coral branches, dense texture	text, watermark, logo, blurry, low contrast, low quality, distorted anatomy
focus_00110	an oil painting of	high-contrast butterfly, symmetrical layout	filigreed stained glass fragments, fine edges	text, watermark, logo, blurry, low contrast, low quality, distorted anatomy
focus_00111	an oil painting of	high-contrast butterfly, symmetrical layout	high-frequency mosaic tiles, rich micro-details	text, watermark, logo, blurry, low contrast, low quality, distorted anatomy
focus_00112	an oil painting of	high-contrast butterfly, symmetrical layout	embroidered fabric, dense texture	text, watermark, logo, blurry, low contrast, low quality, distorted anatomy
focus_00113	an oil painting of	high-contrast butterfly, symmetrical layout	ornate lace, fine edges	text, watermark, logo, blurry, low contrast, low quality, distorted anatomy
focus_00114	an oil painting of	high-contrast butterfly, symmetrical layout	high-frequency folded origami layers, fine edges	text, watermark, logo, blurry, low contrast, low quality, distorted anatomy
focus_00115	an oil painting of	high-contrast butterfly, symmetrical layout	ceramic shards, busy surface patterns	text, watermark, logo, blurry, low contrast, low quality, distorted anatomy
focus_00116	an oil painting of	high-contrast butterfly, symmetrical layout	intricate watch gears, dense texture	text, watermark, logo, blurry, low contrast, low quality, distorted anatomy
focus_00117	an oil painting of	high-contrast butterfly, symmetrical layout	ornate brass filigree, ornamental detail	text, watermark, logo, blurry, low contrast, low quality, distorted anatomy
focus_00118	an oil painting of	high-contrast butterfly, symmetrical layout	high-frequency circuit traces, fine edges	text, watermark, logo, blurry, low contrast, low quality, distorted anatomy
focus_00119	an oil painting of	high-contrast butterfly, symmetrical layout	mechanical engravings, rich micro-details	text, watermark, logo, blurry, low contrast, low quality, distorted anatomy
focus_00120	an oil painting of	high-contrast butterfly, symmetrical layout	intricate snake scales, dense texture	text, watermark, logo, blurry, low contrast, low quality, distorted anatomy
focus_00121	an oil painting of	high-contrast butterfly, symmetrical layout	frost crystals, fine edges	text, watermark, logo, blurry, low contrast, low quality, distorted anatomy
focus_00122	an oil painting of	high-contrast butterfly, symmetrical layout	ornate smoke swirls, close-up view	text, watermark, logo, blurry, low contrast, low quality, distorted anatomy
focus_00123	an oil painting of	high-contrast butterfly, symmetrical layout	gemstone facets, busy surface patterns	text, watermark, logo, blurry, low contrast, low quality, distorted anatomy
focus_00124	an oil painting of	high-contrast butterfly, symmetrical layout	woven threads, dense texture	text, watermark, logo, blurry, low contrast, low quality, distorted anatomy
focus_00125	an oil painting of	simple crescent moon, clean background	intricate eagle feathers, fine edges	text, watermark, logo, blurry, low contrast, low quality, distorted anatomy
focus_00126	an oil painting of	simple crescent moon, clean background	high-frequency peacock plumage, dense texture	text, watermark, logo, blurry, low contrast, low quality, distorted anatomy
focus_00127	an oil painting of	simple crescent moon, clean background	delicate owl feathers, rich micro-details	text, watermark, logo, blurry, low contrast, low quality, distorted anatomy
focus_00128	an oil painting of	simple crescent moon, clean background	textured phoenix feathers, fine edges	text, watermark, logo, blurry, low contrast, low quality, distorted anatomy
focus_00129	an oil painting of	simple crescent moon, clean background	ultra-detailed rose petals, busy surface patterns	text, watermark, logo, blurry, low contrast, low quality, distorted anatomy
focus_00130	an oil painting of	simple crescent moon, clean background	intricate sunflower petals, dense texture	text, watermark, logo, blurry, low contrast, low quality, distorted anatomy
focus_00131	an oil painting of	simple crescent moon, clean background	filigreed ivy vines, ornamental detail	text, watermark, logo, blurry, low contrast, low quality, distorted anatomy
focus_00132	an oil painting of	simple crescent moon, clean background	delicate wild mushrooms, busy surface patterns	text, watermark, logo, blurry, low contrast, low quality, distorted anatomy
focus_00133	an oil painting of	simple crescent moon, clean background	intricate autumn leaves, rich micro-details	text, watermark, logo, blurry, low contrast, low quality, distorted anatomy
focus_00134	an oil painting of	simple crescent moon, clean background	ornate coral branches, dense texture	text, watermark, logo, blurry, low contrast, low quality, distorted anatomy
focus_00135	an oil painting of	simple crescent moon, clean background	filigreed stained glass fragments, fine edges	text, watermark, logo, blurry, low contrast, low quality, distorted anatomy
focus_00136	an oil painting of	simple crescent moon, clean background	high-frequency mosaic tiles, rich micro-details	text, watermark, logo, blurry, low contrast, low quality, distorted anatomy
focus_00137	an oil painting of	simple crescent moon, clean background	embroidered fabric, dense texture	text, watermark, logo, blurry, low contrast, low quality, distorted anatomy
focus_00138	an oil painting of	simple crescent moon, clean background	ornate lace, fine edges	text, watermark, logo, blurry, low contrast, low quality, distorted anatomy
focus_00139	an oil painting of	simple crescent moon, clean background	high-frequency folded origami layers, fine edges	text, watermark, logo, blurry, low contrast, low quality, distorted anatomy
focus_00140	an oil painting of	simple crescent moon, clean background	ceramic shards, busy surface patterns	text, watermark, logo, blurry, low contrast, low quality, distorted anatomy
focus_00141	an oil painting of	simple crescent moon, clean background	intricate watch gears, dense texture	text, watermark, logo, blurry, low contrast, low quality, distorted anatomy
focus_00142	an oil painting of	simple crescent moon, clean background	ornate brass filigree, ornamental detail	text, watermark, logo, blurry, low contrast, low quality, distorted anatomy
focus_00143	an oil painting of	simple crescent moon, clean background	high-frequency circuit traces, fine edges	text, watermark, logo, blurry, low contrast, low quality, distorted anatomy
focus_00144	an oil painting of	simple crescent moon, clean background	mechanical engravings, rich micro-details	text, watermark, logo, blurry, low contrast, low quality, distorted anatomy
focus_00145	an oil painting of	simple crescent moon, clean background	intricate snake scales, dense texture	text, watermark, logo, blurry, low contrast, low quality, distorted anatomy
focus_00146	an oil painting of	simple crescent moon, clean background	frost crystals, fine edges	text, watermark, logo, blurry, low contrast, low quality, distorted anatomy
focus_00147	an oil painting of	simple crescent moon, clean background	ornate smoke swirls, close-up view	text, watermark, logo, blurry, low contrast, low quality, distorted anatomy
focus_00148	an oil painting of	simple crescent moon, clean background	gemstone facets, busy surface patterns	text, watermark, logo, blurry, low contrast, low quality, distorted anatomy
focus_00149	an oil painting of	simple crescent moon, clean background	woven threads, dense texture	text, watermark, logo, blurry, low contrast, low quality, distorted anatomy
focus_00150	an oil painting of	iconic violin, centered composition	intricate eagle feathers, fine edges	text, watermark, logo, blurry, low contrast, low quality, distorted anatomy
focus_00151	an oil painting of	iconic violin, centered composition	high-frequency peacock plumage, dense texture	text, watermark, logo, blurry, low contrast, low quality, distorted anatomy
focus_00152	an oil painting of	iconic violin, centered composition	delicate owl feathers, rich micro-details	text, watermark, logo, blurry, low contrast, low quality, distorted anatomy
focus_00153	an oil painting of	iconic violin, centered composition	textured phoenix feathers, fine edges	text, watermark, logo, blurry, low contrast, low quality, distorted anatomy
focus_00154	an oil painting of	iconic violin, centered composition	ultra-detailed rose petals, busy surface patterns	text, watermark, logo, blurry, low contrast, low quality, distorted anatomy
focus_00155	an oil painting of	iconic violin, centered composition	intricate sunflower petals, dense texture	text, watermark, logo, blurry, low contrast, low quality, distorted anatomy
focus_00156	an oil painting of	iconic violin, centered composition	filigreed ivy vines, ornamental detail	text, watermark, logo, blurry, low contrast, low quality, distorted anatomy
focus_00157	an oil painting of	iconic violin, centered composition	delicate wild mushrooms, busy surface patterns	text, watermark, logo, blurry, low contrast, low quality, distorted anatomy
focus_00158	an oil painting of	iconic violin, centered composition	intricate autumn leaves, rich micro-details	text, watermark, logo, blurry, low contrast, low quality, distorted anatomy
focus_00159	an oil painting of	iconic violin, centered composition	ornate coral branches, dense texture	text, watermark, logo, blurry, low contrast, low quality, distorted anatomy
focus_00160	an oil painting of	iconic violin, centered composition	filigreed stained glass fragments, fine edges	text, watermark, logo, blurry, low contrast, low quality, distorted anatomy
focus_00161	an oil painting of	iconic violin, centered composition	high-frequency mosaic tiles, rich micro-details	text, watermark, logo, blurry, low contrast, low quality, distorted anatomy
focus_00162	an oil painting of	iconic violin, centered composition	embroidered fabric, dense texture	text, watermark, logo, blurry, low contrast, low quality, distorted anatomy
focus_00163	an oil painting of	iconic violin, centered composition	ornate lace, fine edges	text, watermark, logo, blurry, low contrast, low quality, distorted anatomy
focus_00164	an oil painting of	iconic violin, centered composition	high-frequency folded origami layers, fine edges	text, watermark, logo, blurry, low contrast, low quality, distorted anatomy
focus_00165	an oil painting of	iconic violin, centered composition	ceramic shards, busy surface patterns	text, watermark, logo, blurry, low contrast, low quality, distorted anatomy
focus_00166	an oil painting of	iconic violin, centered composition	intricate watch gears, dense texture	text, watermark, logo, blurry, low contrast, low quality, distorted anatomy
focus_00167	an oil painting of	iconic violin, centered composition	ornate brass filigree, ornamental detail	text, watermark, logo, blurry, low contrast, low quality, distorted anatomy
focus_00168	an oil painting of	iconic violin, centered composition	high-frequency circuit traces, fine edges	text, watermark, logo, blurry, low contrast, low quality, distorted anatomy
focus_00169	an oil painting of	iconic violin, centered composition	mechanical engravings, rich micro-details	text, watermark, logo, blurry, low contrast, low quality, distorted anatomy
focus_00170	an oil painting of	iconic violin, centered composition	intricate snake scales, dense texture	text, watermark, logo, blurry, low contrast, low quality, distorted anatomy
focus_00171	an oil painting of	iconic violin, centered composition	frost crystals, fine edges	text, watermark, logo, blurry, low contrast, low quality, distorted anatomy
focus_00172	an oil painting of	iconic violin, centered composition	ornate smoke swirls, close-up view	text, watermark, logo, blurry, low contrast, low quality, distorted anatomy
focus_00173	an oil painting of	iconic violin, centered composition	gemstone facets, busy surface patterns	text, watermark, logo, blurry, low contrast, low quality, distorted anatomy
focus_00174	an oil painting of	iconic violin, centered composition	woven threads, dense texture	text, watermark, logo, blurry, low contrast, low quality, distorted anatomy
focus_00175	an oil painting of	bold chess king, frontal view	intricate eagle feathers, fine edges	text, watermark, logo, blurry, low contrast, low quality, distorted anatomy
focus_00176	an oil painting of	bold chess king, frontal view	high-frequency peacock plumage, dense texture	text, watermark, logo, blurry, low contrast, low quality, distorted anatomy
focus_00177	an oil painting of	bold chess king, frontal view	delicate owl feathers, rich micro-details	text, watermark, logo, blurry, low contrast, low quality, distorted anatomy
focus_00178	an oil painting of	bold chess king, frontal view	textured phoenix feathers, fine edges	text, watermark, logo, blurry, low contrast, low quality, distorted anatomy
focus_00179	an oil painting of	bold chess king, frontal view	ultra-detailed rose petals, busy surface patterns	text, watermark, logo, blurry, low contrast, low quality, distorted anatomy
focus_00180	an oil painting of	bold chess king, frontal view	intricate sunflower petals, dense texture	text, watermark, logo, blurry, low contrast, low quality, distorted anatomy
focus_00181	an oil painting of	bold chess king, frontal view	filigreed ivy vines, ornamental detail	text, watermark, logo, blurry, low contrast, low quality, distorted anatomy
focus_00182	an oil painting of	bold chess king, frontal view	delicate wild mushrooms, busy surface patterns	text, watermark, logo, blurry, low contrast, low quality, distorted anatomy
focus_00183	an oil painting of	bold chess king, frontal view	intricate autumn leaves, rich micro-details	text, watermark, logo, blurry, low contrast, low quality, distorted anatomy
focus_00184	an oil painting of	bold chess king, frontal view	ornate coral branches, dense texture	text, watermark, logo, blurry, low contrast, low quality, distorted anatomy
focus_00185	an oil painting of	bold chess king, frontal view	filigreed stained glass fragments, fine edges	text, watermark, logo, blurry, low contrast, low quality, distorted anatomy
focus_00186	an oil painting of	bold chess king, frontal view	high-frequency mosaic tiles, rich micro-details	text, watermark, logo, blurry, low contrast, low quality, distorted anatomy
focus_00187	an oil painting of	bold chess king, frontal view	embroidered fabric, dense texture	text, watermark, logo, blurry, low contrast, low quality, distorted anatomy
focus_00188	an oil painting of	bold chess king, frontal view	ornate lace, fine edges	text, watermark, logo, blurry, low contrast, low quality, distorted anatomy
focus_00189	an oil painting of	bold chess king, frontal view	high-frequency folded origami layers, fine edges	text, watermark, logo, blurry, low contrast, low quality, distorted anatomy
focus_00190	an oil painting of	bold chess king, frontal view	ceramic shards, busy surface patterns	text, watermark, logo, blurry, low contrast, low quality, distorted anatomy
focus_00191	an oil painting of	bold chess king, frontal view	intricate watch gears, dense texture	text, watermark, logo, blurry, low contrast, low quality, distorted anatomy
focus_00192	an oil painting of	bold chess king, frontal view	ornate brass filigree, ornamental detail	text, watermark, logo, blurry, low contrast, low quality, distorted anatomy
focus_00193	an oil painting of	bold chess king, frontal view	high-frequency circuit traces, fine edges	text, watermark, logo, blurry, low contrast, low quality, distorted anatomy
focus_00194	an oil painting of	bold chess king, frontal view	mechanical engravings, rich micro-details	text, watermark, logo, blurry, low contrast, low quality, distorted anatomy
focus_00195	an oil painting of	bold chess king, frontal view	intricate snake scales, dense texture	text, watermark, logo, blurry, low contrast, low quality, distorted anatomy
focus_00196	an oil painting of	bold chess king, frontal view	frost crystals, fine edges	text, watermark, logo, blurry, low contrast, low quality, distorted anatomy
focus_00197	an oil painting of	bold chess king, frontal view	ornate smoke swirls, close-up view	text, watermark, logo, blurry, low contrast, low quality, distorted anatomy
focus_00198	an oil painting of	bold chess king, frontal view	gemstone facets, busy surface patterns	text, watermark, logo, blurry, low contrast, low quality, distorted anatomy
focus_00199	an oil painting of	bold chess king, frontal view	woven threads, dense texture	text, watermark, logo, blurry, low contrast, low quality, distorted anatomy
focus_00200	an oil painting of	castle silhouette, large simple shapes	intricate eagle feathers, fine edges	text, watermark, logo, blurry, low contrast, low quality, distorted anatomy
focus_00201	an oil painting of	castle silhouette, large simple shapes	high-frequency peacock plumage, dense texture	text, watermark, logo, blurry, low contrast, low quality, distorted anatomy
focus_00202	an oil painting of	castle silhouette, large simple shapes	delicate owl feathers, rich micro-details	text, watermark, logo, blurry, low contrast, low quality, distorted anatomy
focus_00203	an oil painting of	castle silhouette, large simple shapes	textured phoenix feathers, fine edges	text, watermark, logo, blurry, low contrast, low quality, distorted anatomy
focus_00204	an oil painting of	castle silhouette, large simple shapes	ultra-detailed rose petals, busy surface patterns	text, watermark, logo, blurry, low contrast, low quality, distorted anatomy
focus_00205	an oil painting of	castle silhouette, large simple shapes	intricate sunflower petals, dense texture	text, watermark, logo, blurry, low contrast, low quality, distorted anatomy
focus_00206	an oil painting of	castle silhouette, large simple shapes	filigreed ivy vines, ornamental detail	text, watermark, logo, blurry, low contrast, low quality, distorted anatomy
focus_00207	an oil painting of	castle silhouette, large simple shapes	delicate wild mushrooms, busy surface patterns	text, watermark, logo, blurry, low contrast, low quality, distorted anatomy
focus_00208	an oil painting of	castle silhouette, large simple shapes	intricate autumn leaves, rich micro-details	text, watermark, logo, blurry, low contrast, low quality, distorted anatomy
focus_00209	an oil painting of	castle silhouette, large simple shapes	ornate coral branches, dense texture	text, watermark, logo, blurry, low contrast, low quality, distorted anatomy
focus_00210	an oil painting of	castle silhouette, large simple shapes	filigreed stained glass fragments, fine edges	text, watermark, logo, blurry, low contrast, low quality, distorted anatomy
focus_00211	an oil painting of	castle silhouette, large simple shapes	high-frequency mosaic tiles, rich micro-details	text, watermark, logo, blurry, low contrast, low quality, distorted anatomy
focus_00212	an oil painting of	castle silhouette, large simple shapes	embroidered fabric, dense texture	text, watermark, logo, blurry, low contrast, low quality, distorted anatomy
focus_00213	an oil painting of	castle silhouette, large simple shapes	ornate lace, fine edges	text, watermark, logo, blurry, low contrast, low quality, distorted anatomy
focus_00214	an oil painting of	castle silhouette, large simple shapes	high-frequency folded origami layers, fine edges	text, watermark, logo, blurry, low contrast, low quality, distorted anatomy
focus_00215	an oil painting of	castle silhouette, large simple shapes	ceramic shards, busy surface patterns	text, watermark, logo, blurry, low contrast, low quality, distorted anatomy
focus_00216	an oil painting of	castle silhouette, large simple shapes	intricate watch gears, dense texture	text, watermark, logo, blurry, low contrast, low quality, distorted anatomy
focus_00217	an oil painting of	castle silhouette, large simple shapes	ornate brass filigree, ornamental detail	text, watermark, logo, blurry, low contrast, low quality, distorted anatomy
focus_00218	an oil painting of	castle silhouette, large simple shapes	high-frequency circuit traces, fine edges	text, watermark, logo, blurry, low contrast, low quality, distorted anatomy
focus_00219	an oil painting of	castle silhouette, large simple shapes	mechanical engravings, rich micro-details	text, watermark, logo, blurry, low contrast, low quality, distorted anatomy
focus_00220	an oil painting of	castle silhouette, large simple shapes	intricate snake scales, dense texture	text, watermark, logo, blurry, low contrast, low quality, distorted anatomy
focus_00221	an oil painting of	castle silhouette, large simple shapes	frost crystals, fine edges	text, watermark, logo, blurry, low contrast, low quality, distorted anatomy
focus_00222	an oil painting of	castle silhouette, large simple shapes	ornate smoke swirls, close-up view	text, watermark, logo, blurry, low contrast, low quality, distorted anatomy
focus_00223	an oil painting of	castle silhouette, large simple shapes	gemstone facets, busy surface patterns	text, watermark, logo, blurry, low contrast, low quality, distorted anatomy
focus_00224	an oil painting of	castle silhouette, large simple shapes	woven threads, dense texture	text, watermark, logo, blurry, low contrast, low quality, distorted anatomy
focus_00225	an oil painting of	temple gate, frontal view	intricate eagle feathers, fine edges	text, watermark, logo, blurry, low contrast, low quality, distorted anatomy
focus_00226	an oil painting of	temple gate, frontal view	high-frequency peacock plumage, dense texture	text, watermark, logo, blurry, low contrast, low quality, distorted anatomy
focus_00227	an oil painting of	temple gate, frontal view	delicate owl feathers, rich micro-details	text, watermark, logo, blurry, low contrast, low quality, distorted anatomy
focus_00228	an oil painting of	temple gate, frontal view	textured phoenix feathers, fine edges	text, watermark, logo, blurry, low contrast, low quality, distorted anatomy
focus_00229	an oil painting of	temple gate, frontal view	ultra-detailed rose petals, busy surface patterns	text, watermark, logo, blurry, low contrast, low quality, distorted anatomy
focus_00230	an oil painting of	temple gate, frontal view	intricate sunflower petals, dense texture	text, watermark, logo, blurry, low contrast, low quality, distorted anatomy
focus_00231	an oil painting of	temple gate, frontal view	filigreed ivy vines, ornamental detail	text, watermark, logo, blurry, low contrast, low quality, distorted anatomy
focus_00232	an oil painting of	temple gate, frontal view	delicate wild mushrooms, busy surface patterns	text, watermark, logo, blurry, low contrast, low quality, distorted anatomy
focus_00233	an oil painting of	temple gate, frontal view	intricate autumn leaves, rich micro-details	text, watermark, logo, blurry, low contrast, low quality, distorted anatomy
focus_00234	an oil painting of	temple gate, frontal view	ornate coral branches, dense texture	text, watermark, logo, blurry, low contrast, low quality, distorted anatomy
focus_00235	an oil painting of	temple gate, frontal view	filigreed stained glass fragments, fine edges	text, watermark, logo, blurry, low contrast, low quality, distorted anatomy
focus_00236	an oil painting of	temple gate, frontal view	high-frequency mosaic tiles, rich micro-details	text, watermark, logo, blurry, low contrast, low quality, distorted anatomy
focus_00237	an oil painting of	temple gate, frontal view	embroidered fabric, dense texture	text, watermark, logo, blurry, low contrast, low quality, distorted anatomy
focus_00238	an oil painting of	temple gate, frontal view	ornate lace, fine edges	text, watermark, logo, blurry, low contrast, low quality, distorted anatomy
focus_00239	an oil painting of	temple gate, frontal view	high-frequency folded origami layers, fine edges	text, watermark, logo, blurry, low contrast, low quality, distorted anatomy
focus_00240	an oil painting of	temple gate, frontal view	ceramic shards, busy surface patterns	text, watermark, logo, blurry, low contrast, low quality, distorted anatomy
focus_00241	an oil painting of	temple gate, frontal view	intricate watch gears, dense texture	text, watermark, logo, blurry, low contrast, low quality, distorted anatomy
focus_00242	an oil painting of	temple gate, frontal view	ornate brass filigree, ornamental detail	text, watermark, logo, blurry, low contrast, low quality, distorted anatomy
focus_00243	an oil painting of	temple gate, frontal view	high-frequency circuit traces, fine edges	text, watermark, logo, blurry, low contrast, low quality, distorted anatomy
focus_00244	an oil painting of	temple gate, frontal view	mechanical engravings, rich micro-details	text, watermark, logo, blurry, low contrast, low quality, distorted anatomy
focus_00245	an oil painting of	temple gate, frontal view	intricate snake scales, dense texture	text, watermark, logo, blurry, low contrast, low quality, distorted anatomy
focus_00246	an oil painting of	temple gate, frontal view	frost crystals, fine edges	text, watermark, logo, blurry, low contrast, low quality, distorted anatomy
focus_00247	an oil painting of	temple gate, frontal view	ornate smoke swirls, close-up view	text, watermark, logo, blurry, low contrast, low quality, distorted anatomy
focus_00248	an oil painting of	temple gate, frontal view	gemstone facets, busy surface patterns	text, watermark, logo, blurry, low contrast, low quality, distorted anatomy
focus_00249	an oil painting of	temple gate, frontal view	woven threads, dense texture	text, watermark, logo, blurry, low contrast, low quality, distorted anatomy
focus_00250	a lithograph of	centered owl face, bold silhouette	intricate eagle feathers, fine edges	text, watermark, logo, blurry, low contrast, low quality, distorted anatomy
focus_00251	a lithograph of	centered owl face, bold silhouette	high-frequency peacock plumage, dense texture	text, watermark, logo, blurry, low contrast, low quality, distorted anatomy
focus_00252	a lithograph of	centered owl face, bold silhouette	delicate owl feathers, rich micro-details	text, watermark, logo, blurry, low contrast, low quality, distorted anatomy
focus_00253	a lithograph of	centered owl face, bold silhouette	textured phoenix feathers, fine edges	text, watermark, logo, blurry, low contrast, low quality, distorted anatomy
focus_00254	a lithograph of	centered owl face, bold silhouette	ultra-detailed rose petals, busy surface patterns	text, watermark, logo, blurry, low contrast, low quality, distorted anatomy
focus_00255	a lithograph of	centered owl face, bold silhouette	intricate sunflower petals, dense texture	text, watermark, logo, blurry, low contrast, low quality, distorted anatomy
focus_00256	a lithograph of	centered owl face, bold silhouette	filigreed ivy vines, ornamental detail	text, watermark, logo, blurry, low contrast, low quality, distorted anatomy
focus_00257	a lithograph of	centered owl face, bold silhouette	delicate wild mushrooms, busy surface patterns	text, watermark, logo, blurry, low contrast, low quality, distorted anatomy
focus_00258	a lithograph of	centered owl face, bold silhouette	intricate autumn leaves, rich micro-details	text, watermark, logo, blurry, low contrast, low quality, distorted anatomy
focus_00259	a lithograph of	centered owl face, bold silhouette	ornate coral branches, dense texture	text, watermark, logo, blurry, low contrast, low quality, distorted anatomy
focus_00260	a lithograph of	centered owl face, bold silhouette	filigreed stained glass fragments, fine edges	text, watermark, logo, blurry, low contrast, low quality, distorted anatomy
focus_00261	a lithograph of	centered owl face, bold silhouette	high-frequency mosaic tiles, rich micro-details	text, watermark, logo, blurry, low contrast, low quality, distorted anatomy
focus_00262	a lithograph of	centered owl face, bold silhouette	embroidered fabric, dense texture	text, watermark, logo, blurry, low contrast, low quality, distorted anatomy
focus_00263	a lithograph of	centered owl face, bold silhouette	ornate lace, fine edges	text, watermark, logo, blurry, low contrast, low quality, distorted anatomy
focus_00264	a lithograph of	centered owl face, bold silhouette	high-frequency folded origami layers, fine edges	text, watermark, logo, blurry, low contrast, low quality, distorted anatomy
focus_00265	a lithograph of	centered owl face, bold silhouette	ceramic shards, busy surface patterns	text, watermark, logo, blurry, low contrast, low quality, distorted anatomy
focus_00266	a lithograph of	centered owl face, bold silhouette	intricate watch gears, dense texture	text, watermark, logo, blurry, low contrast, low quality, distorted anatomy
focus_00267	a lithograph of	centered owl face, bold silhouette	ornate brass filigree, ornamental detail	text, watermark, logo, blurry, low contrast, low quality, distorted anatomy
focus_00268	a lithograph of	centered owl face, bold silhouette	high-frequency circuit traces, fine edges	text, watermark, logo, blurry, low contrast, low quality, distorted anatomy
focus_00269	a lithograph of	centered owl face, bold silhouette	mechanical engravings, rich micro-details	text, watermark, logo, blurry, low contrast, low quality, distorted anatomy
focus_00270	a lithograph of	centered owl face, bold silhouette	intricate snake scales, dense texture	text, watermark, logo, blurry, low contrast, low quality, distorted anatomy
focus_00271	a lithograph of	centered owl face, bold silhouette	frost crystals, fine edges	text, watermark, logo, blurry, low contrast, low quality, distorted anatomy
focus_00272	a lithograph of	centered owl face, bold silhouette	ornate smoke swirls, close-up view	text, watermark, logo, blurry, low contrast, low quality, distorted anatomy
focus_00273	a lithograph of	centered owl face, bold silhouette	gemstone facets, busy surface patterns	text, watermark, logo, blurry, low contrast, low quality, distorted anatomy
focus_00274	a lithograph of	centered owl face, bold silhouette	woven threads, dense texture	text, watermark, logo, blurry, low contrast, low quality, distorted anatomy
focus_00275	a lithograph of	iconic rabbit silhouette, large simple shapes	intricate eagle feathers, fine edges	text, watermark, logo, blurry, low contrast, low quality, distorted anatomy
focus_00276	a lithograph of	iconic rabbit silhouette, large simple shapes	high-frequency peacock plumage, dense texture	text, watermark, logo, blurry, low contrast, low quality, distorted anatomy
focus_00277	a lithograph of	iconic rabbit silhouette, large simple shapes	delicate owl feathers, rich micro-details	text, watermark, logo, blurry, low contrast, low quality, distorted anatomy
focus_00278	a lithograph of	iconic rabbit silhouette, large simple shapes	textured phoenix feathers, fine edges	text, watermark, logo, blurry, low contrast, low quality, distorted anatomy
focus_00279	a lithograph of	iconic rabbit silhouette, large simple shapes	ultra-detailed rose petals, busy surface patterns	text, watermark, logo, blurry, low contrast, low quality, distorted anatomy
focus_00280	a lithograph of	iconic rabbit silhouette, large simple shapes	intricate sunflower petals, dense texture	text, watermark, logo, blurry, low contrast, low quality, distorted anatomy
focus_00281	a lithograph of	iconic rabbit silhouette, large simple shapes	filigreed ivy vines, ornamental detail	text, watermark, logo, blurry, low contrast, low quality, distorted anatomy
focus_00282	a lithograph of	iconic rabbit silhouette, large simple shapes	delicate wild mushrooms, busy surface patterns	text, watermark, logo, blurry, low contrast, low quality, distorted anatomy
focus_00283	a lithograph of	iconic rabbit silhouette, large simple shapes	intricate autumn leaves, rich micro-details	text, watermark, logo, blurry, low contrast, low quality, distorted anatomy
focus_00284	a lithograph of	iconic rabbit silhouette, large simple shapes	ornate coral branches, dense texture	text, watermark, logo, blurry, low contrast, low quality, distorted anatomy
focus_00285	a lithograph of	iconic rabbit silhouette, large simple shapes	filigreed stained glass fragments, fine edges	text, watermark, logo, blurry, low contrast, low quality, distorted anatomy
focus_00286	a lithograph of	iconic rabbit silhouette, large simple shapes	high-frequency mosaic tiles, rich micro-details	text, watermark, logo, blurry, low contrast, low quality, distorted anatomy
focus_00287	a lithograph of	iconic rabbit silhouette, large simple shapes	embroidered fabric, dense texture	text, watermark, logo, blurry, low contrast, low quality, distorted anatomy
focus_00288	a lithograph of	iconic rabbit silhouette, large simple shapes	ornate lace, fine edges	text, watermark, logo, blurry, low contrast, low quality, distorted anatomy
focus_00289	a lithograph of	iconic rabbit silhouette, large simple shapes	high-frequency folded origami layers, fine edges	text, watermark, logo, blurry, low contrast, low quality, distorted anatomy
focus_00290	a lithograph of	iconic rabbit silhouette, large simple shapes	ceramic shards, busy surface patterns	text, watermark, logo, blurry, low contrast, low quality, distorted anatomy
focus_00291	a lithograph of	iconic rabbit silhouette, large simple shapes	intricate watch gears, dense texture	text, watermark, logo, blurry, low contrast, low quality, distorted anatomy
focus_00292	a lithograph of	iconic rabbit silhouette, large simple shapes	ornate brass filigree, ornamental detail	text, watermark, logo, blurry, low contrast, low quality, distorted anatomy
focus_00293	a lithograph of	iconic rabbit silhouette, large simple shapes	high-frequency circuit traces, fine edges	text, watermark, logo, blurry, low contrast, low quality, distorted anatomy
focus_00294	a lithograph of	iconic rabbit silhouette, large simple shapes	mechanical engravings, rich micro-details	text, watermark, logo, blurry, low contrast, low quality, distorted anatomy
focus_00295	a lithograph of	iconic rabbit silhouette, large simple shapes	intricate snake scales, dense texture	text, watermark, logo, blurry, low contrast, low quality, distorted anatomy
focus_00296	a lithograph of	iconic rabbit silhouette, large simple shapes	frost crystals, fine edges	text, watermark, logo, blurry, low contrast, low quality, distorted anatomy
focus_00297	a lithograph of	iconic rabbit silhouette, large simple shapes	ornate smoke swirls, close-up view	text, watermark, logo, blurry, low contrast, low quality, distorted anatomy
focus_00298	a lithograph of	iconic rabbit silhouette, large simple shapes	gemstone facets, busy surface patterns	text, watermark, logo, blurry, low contrast, low quality, distorted anatomy
focus_00299	a lithograph of	iconic rabbit silhouette, large simple shapes	woven threads, dense texture	text, watermark, logo, blurry, low contrast, low quality, distorted anatomy
focus_00300	a lithograph of	poster-like serene monk face, symmetrical layout	intricate eagle feathers, fine edges	text, watermark, logo, blurry, low contrast, low quality, distorted anatomy
focus_00301	a lithograph of	poster-like serene monk face, symmetrical layout	high-frequency peacock plumage, dense texture	text, watermark, logo, blurry, low contrast, low quality, distorted anatomy
focus_00302	a lithograph of	poster-like serene monk face, symmetrical layout	delicate owl feathers, rich micro-details	text, watermark, logo, blurry, low contrast, low quality, distorted anatomy
focus_00303	a lithograph of	poster-like serene monk face, symmetrical layout	textured phoenix feathers, fine edges	text, watermark, logo, blurry, low contrast, low quality, distorted anatomy
focus_00304	a lithograph of	poster-like serene monk face, symmetrical layout	ultra-detailed rose petals, busy surface patterns	text, watermark, logo, blurry, low contrast, low quality, distorted anatomy
focus_00305	a lithograph of	poster-like serene monk face, symmetrical layout	intricate sunflower petals, dense texture	text, watermark, logo, blurry, low contrast, low quality, distorted anatomy
focus_00306	a lithograph of	poster-like serene monk face, symmetrical layout	filigreed ivy vines, ornamental detail	text, watermark, logo, blurry, low contrast, low quality, distorted anatomy
focus_00307	a lithograph of	poster-like serene monk face, symmetrical layout	delicate wild mushrooms, busy surface patterns	text, watermark, logo, blurry, low contrast, low quality, distorted anatomy
focus_00308	a lithograph of	poster-like serene monk face, symmetrical layout	intricate autumn leaves, rich micro-details	text, watermark, logo, blurry, low contrast, low quality, distorted anatomy
focus_00309	a lithograph of	poster-like serene monk face, symmetrical layout	ornate coral branches, dense texture	text, watermark, logo, blurry, low contrast, low quality, distorted anatomy
focus_00310	a lithograph of	poster-like serene monk face, symmetrical layout	filigreed stained glass fragments, fine edges	text, watermark, logo, blurry, low contrast, low quality, distorted anatomy
focus_00311	a lithograph of	poster-like serene monk face, symmetrical layout	high-frequency mosaic tiles, rich micro-details	text, watermark, logo, blurry, low contrast, low quality, distorted anatomy
focus_00312	a lithograph of	poster-like serene monk face, symmetrical layout	embroidered fabric, dense texture	text, watermark, logo, blurry, low contrast, low quality, distorted anatomy
focus_00313	a lithograph of	poster-like serene monk face, symmetrical layout	ornate lace, fine edges	text, watermark, logo, blurry, low contrast, low quality, distorted anatomy
focus_00314	a lithograph of	poster-like serene monk face, symmetrical layout	high-frequency folded origami layers, fine edges	text, watermark, logo, blurry, low contrast, low quality, distorted anatomy
focus_00315	a lithograph of	poster-like serene monk face, symmetrical layout	ceramic shards, busy surface patterns	text, watermark, logo, blurry, low contrast, low quality, distorted anatomy
focus_00316	a lithograph of	poster-like serene monk face, symmetrical layout	intricate watch gears, dense texture	text, watermark, logo, blurry, low contrast, low quality, distorted anatomy
focus_00317	a lithograph of	poster-like serene monk face, symmetrical layout	ornate brass filigree, ornamental detail	text, watermark, logo, blurry, low contrast, low quality, distorted anatomy
focus_00318	a lithograph of	poster-like serene monk face, symmetrical layout	high-frequency circuit traces, fine edges	text, watermark, logo, blurry, low contrast, low quality, distorted anatomy
focus_00319	a lithograph of	poster-like serene monk face, symmetrical layout	mechanical engravings, rich micro-details	text, watermark, logo, blurry, low contrast, low quality, distorted anatomy
focus_00320	a lithograph of	poster-like serene monk face, symmetrical layout	intricate snake scales, dense texture	text, watermark, logo, blurry, low contrast, low quality, distorted anatomy
focus_00321	a lithograph of	poster-like serene monk face, symmetrical layout	frost crystals, fine edges	text, watermark, logo, blurry, low contrast, low quality, distorted anatomy
focus_00322	a lithograph of	poster-like serene monk face, symmetrical layout	ornate smoke swirls, close-up view	text, watermark, logo, blurry, low contrast, low quality, distorted anatomy
focus_00323	a lithograph of	poster-like serene monk face, symmetrical layout	gemstone facets, busy surface patterns	text, watermark, logo, blurry, low contrast, low quality, distorted anatomy
focus_00324	a lithograph of	poster-like serene monk face, symmetrical layout	woven threads, dense texture	text, watermark, logo, blurry, low contrast, low quality, distorted anatomy
focus_00325	a lithograph of	monumental lighthouse, centered composition	intricate eagle feathers, fine edges	text, watermark, logo, blurry, low contrast, low quality, distorted anatomy
focus_00326	a lithograph of	monumental lighthouse, centered composition	high-frequency peacock plumage, dense texture	text, watermark, logo, blurry, low contrast, low quality, distorted anatomy
focus_00327	a lithograph of	monumental lighthouse, centered composition	delicate owl feathers, rich micro-details	text, watermark, logo, blurry, low contrast, low quality, distorted anatomy
focus_00328	a lithograph of	monumental lighthouse, centered composition	textured phoenix feathers, fine edges	text, watermark, logo, blurry, low contrast, low quality, distorted anatomy
focus_00329	a lithograph of	monumental lighthouse, centered composition	ultra-detailed rose petals, busy surface patterns	text, watermark, logo, blurry, low contrast, low quality, distorted anatomy
focus_00330	a lithograph of	monumental lighthouse, centered composition	intricate sunflower petals, dense texture	text, watermark, logo, blurry, low contrast, low quality, distorted anatomy
focus_00331	a lithograph of	monumental lighthouse, centered composition	filigreed ivy vines, ornamental detail	text, watermark, logo, blurry, low contrast, low quality, distorted anatomy
focus_00332	a lithograph of	monumental lighthouse, centered composition	delicate wild mushrooms, busy surface patterns	text, watermark, logo, blurry, low contrast, low quality, distorted anatomy
focus_00333	a lithograph of	monumental lighthouse, centered composition	intricate autumn leaves, rich micro-details	text, watermark, logo, blurry, low contrast, low quality, distorted anatomy
focus_00334	a lithograph of	monumental lighthouse, centered composition	ornate coral branches, dense texture	text, watermark, logo, blurry, low contrast, low quality, distorted anatomy
focus_00335	a lithograph of	monumental lighthouse, centered composition	filigreed stained glass fragments, fine edges	text, watermark, logo, blurry, low contrast, low quality, distorted anatomy
focus_00336	a lithograph of	monumental lighthouse, centered composition	high-frequency mosaic tiles, rich micro-details	text, watermark, logo, blurry, low contrast, low quality, distorted anatomy
focus_00337	a lithograph of	monumental lighthouse, centered composition	embroidered fabric, dense texture	text, watermark, logo, blurry, low contrast, low quality, distorted anatomy
focus_00338	a lithograph of	monumental lighthouse, centered composition	ornate lace, fine edges	text, watermark, logo, blurry, low contrast, low quality, distorted anatomy
focus_00339	a lithograph of	monumental lighthouse, centered composition	high-frequency folded origami layers, fine edges	text, watermark, logo, blurry, low contrast, low quality, distorted anatomy
focus_00340	a lithograph of	monumental lighthouse, centered composition	ceramic shards, busy surface patterns	text, watermark, logo, blurry, low contrast, low quality, distorted anatomy
focus_00341	a lithograph of	monumental lighthouse, centered composition	intricate watch gears, dense texture	text, watermark, logo, blurry, low contrast, low quality, distorted anatomy
focus_00342	a lithograph of	monumental lighthouse, centered composition	ornate brass filigree, ornamental detail	text, watermark, logo, blurry, low contrast, low quality, distorted anatomy
focus_00343	a lithograph of	monumental lighthouse, centered composition	high-frequency circuit traces, fine edges	text, watermark, logo, blurry, low contrast, low quality, distorted anatomy
focus_00344	a lithograph of	monumental lighthouse, centered composition	mechanical engravings, rich micro-details	text, watermark, logo, blurry, low contrast, low quality, distorted anatomy
focus_00345	a lithograph of	monumental lighthouse, centered composition	intricate snake scales, dense texture	text, watermark, logo, blurry, low contrast, low quality, distorted anatomy
focus_00346	a lithograph of	monumental lighthouse, centered composition	frost crystals, fine edges	text, watermark, logo, blurry, low contrast, low quality, distorted anatomy
focus_00347	a lithograph of	monumental lighthouse, centered composition	ornate smoke swirls, close-up view	text, watermark, logo, blurry, low contrast, low quality, distorted anatomy
focus_00348	a lithograph of	monumental lighthouse, centered composition	gemstone facets, busy surface patterns	text, watermark, logo, blurry, low contrast, low quality, distorted anatomy
focus_00349	a lithograph of	monumental lighthouse, centered composition	woven threads, dense texture	text, watermark, logo, blurry, low contrast, low quality, distorted anatomy
focus_00350	a lithograph of	high-contrast butterfly, symmetrical layout	intricate eagle feathers, fine edges	text, watermark, logo, blurry, low contrast, low quality, distorted anatomy
focus_00351	a lithograph of	high-contrast butterfly, symmetrical layout	high-frequency peacock plumage, dense texture	text, watermark, logo, blurry, low contrast, low quality, distorted anatomy
focus_00352	a lithograph of	high-contrast butterfly, symmetrical layout	delicate owl feathers, rich micro-details	text, watermark, logo, blurry, low contrast, low quality, distorted anatomy
focus_00353	a lithograph of	high-contrast butterfly, symmetrical layout	textured phoenix feathers, fine edges	text, watermark, logo, blurry, low contrast, low quality, distorted anatomy
focus_00354	a lithograph of	high-contrast butterfly, symmetrical layout	ultra-detailed rose petals, busy surface patterns	text, watermark, logo, blurry, low contrast, low quality, distorted anatomy
focus_00355	a lithograph of	high-contrast butterfly, symmetrical layout	intricate sunflower petals, dense texture	text, watermark, logo, blurry, low contrast, low quality, distorted anatomy
focus_00356	a lithograph of	high-contrast butterfly, symmetrical layout	filigreed ivy vines, ornamental detail	text, watermark, logo, blurry, low contrast, low quality, distorted anatomy
focus_00357	a lithograph of	high-contrast butterfly, symmetrical layout	delicate wild mushrooms, busy surface patterns	text, watermark, logo, blurry, low contrast, low quality, distorted anatomy
focus_00358	a lithograph of	high-contrast butterfly, symmetrical layout	intricate autumn leaves, rich micro-details	text, watermark, logo, blurry, low contrast, low quality, distorted anatomy
focus_00359	a lithograph of	high-contrast butterfly, symmetrical layout	ornate coral branches, dense texture	text, watermark, logo, blurry, low contrast, low quality, distorted anatomy
focus_00360	a lithograph of	high-contrast butterfly, symmetrical layout	filigreed stained glass fragments, fine edges	text, watermark, logo, blurry, low contrast, low quality, distorted anatomy
focus_00361	a lithograph of	high-contrast butterfly, symmetrical layout	high-frequency mosaic tiles, rich micro-details	text, watermark, logo, blurry, low contrast, low quality, distorted anatomy
focus_00362	a lithograph of	high-contrast butterfly, symmetrical layout	embroidered fabric, dense texture	text, watermark, logo, blurry, low contrast, low quality, distorted anatomy
focus_00363	a lithograph of	high-contrast butterfly, symmetrical layout	ornate lace, fine edges	text, watermark, logo, blurry, low contrast, low quality, distorted anatomy
focus_00364	a lithograph of	high-contrast butterfly, symmetrical layout	high-frequency folded origami layers, fine edges	text, watermark, logo, blurry, low contrast, low quality, distorted anatomy
focus_00365	a lithograph of	high-contrast butterfly, symmetrical layout	ceramic shards, busy surface patterns	text, watermark, logo, blurry, low contrast, low quality, distorted anatomy
focus_00366	a lithograph of	high-contrast butterfly, symmetrical layout	intricate watch gears, dense texture	text, watermark, logo, blurry, low contrast, low quality, distorted anatomy
focus_00367	a lithograph of	high-contrast butterfly, symmetrical layout	ornate brass filigree, ornamental detail	text, watermark, logo, blurry, low contrast, low quality, distorted anatomy
focus_00368	a lithograph of	high-contrast butterfly, symmetrical layout	high-frequency circuit traces, fine edges	text, watermark, logo, blurry, low contrast, low quality, distorted anatomy
focus_00369	a lithograph of	high-contrast butterfly, symmetrical layout	mechanical engravings, rich micro-details	text, watermark, logo, blurry, low contrast, low quality, distorted anatomy
focus_00370	a lithograph of	high-contrast butterfly, symmetrical layout	intricate snake scales, dense texture	text, watermark, logo, blurry, low contrast, low quality, distorted anatomy
focus_00371	a lithograph of	high-contrast butterfly, symmetrical layout	frost crystals, fine edges	text, watermark, logo, blurry, low contrast, low quality, distorted anatomy
focus_00372	a lithograph of	high-contrast butterfly, symmetrical layout	ornate smoke swirls, close-up view	text, watermark, logo, blurry, low contrast, low quality, distorted anatomy
focus_00373	a lithograph of	high-contrast butterfly, symmetrical layout	gemstone facets, busy surface patterns	text, watermark, logo, blurry, low contrast, low quality, distorted anatomy
focus_00374	a lithograph of	high-contrast butterfly, symmetrical layout	woven threads, dense texture	text, watermark, logo, blurry, low contrast, low quality, distorted anatomy
focus_00375	a lithograph of	simple crescent moon, clean background	intricate eagle feathers, fine edges	text, watermark, logo, blurry, low contrast, low quality, distorted anatomy
focus_00376	a lithograph of	simple crescent moon, clean background	high-frequency peacock plumage, dense texture	text, watermark, logo, blurry, low contrast, low quality, distorted anatomy
focus_00377	a lithograph of	simple crescent moon, clean background	delicate owl feathers, rich micro-details	text, watermark, logo, blurry, low contrast, low quality, distorted anatomy
focus_00378	a lithograph of	simple crescent moon, clean background	textured phoenix feathers, fine edges	text, watermark, logo, blurry, low contrast, low quality, distorted anatomy
focus_00379	a lithograph of	simple crescent moon, clean background	ultra-detailed rose petals, busy surface patterns	text, watermark, logo, blurry, low contrast, low quality, distorted anatomy
focus_00380	a lithograph of	simple crescent moon, clean background	intricate sunflower petals, dense texture	text, watermark, logo, blurry, low contrast, low quality, distorted anatomy
focus_00381	a lithograph of	simple crescent moon, clean background	filigreed ivy vines, ornamental detail	text, watermark, logo, blurry, low contrast, low quality, distorted anatomy
focus_00382	a lithograph of	simple crescent moon, clean background	delicate wild mushrooms, busy surface patterns	text, watermark, logo, blurry, low contrast, low quality, distorted anatomy
focus_00383	a lithograph of	simple crescent moon, clean background	intricate autumn leaves, rich micro-details	text, watermark, logo, blurry, low contrast, low quality, distorted anatomy
focus_00384	a lithograph of	simple crescent moon, clean background	ornate coral branches, dense texture	text, watermark, logo, blurry, low contrast, low quality, distorted anatomy
focus_00385	a lithograph of	simple crescent moon, clean background	filigreed stained glass fragments, fine edges	text, watermark, logo, blurry, low contrast, low quality, distorted anatomy
focus_00386	a lithograph of	simple crescent moon, clean background	high-frequency mosaic tiles, rich micro-details	text, watermark, logo, blurry, low contrast, low quality, distorted anatomy
focus_00387	a lithograph of	simple crescent moon, clean background	embroidered fabric, dense texture	text, watermark, logo, blurry, low contrast, low quality, distorted anatomy
focus_00388	a lithograph of	simple crescent moon, clean background	ornate lace, fine edges	text, watermark, logo, blurry, low contrast, low quality, distorted anatomy
focus_00389	a lithograph of	simple crescent moon, clean background	high-frequency folded origami layers, fine edges	text, watermark, logo, blurry, low contrast, low quality, distorted anatomy
focus_00390	a lithograph of	simple crescent moon, clean background	ceramic shards, busy surface patterns	text, watermark, logo, blurry, low contrast, low quality, distorted anatomy
focus_00391	a lithograph of	simple crescent moon, clean background	intricate watch gears, dense texture	text, watermark, logo, blurry, low contrast, low quality, distorted anatomy
focus_00392	a lithograph of	simple crescent moon, clean background	ornate brass filigree, ornamental detail	text, watermark, logo, blurry, low contrast, low quality, distorted anatomy
focus_00393	a lithograph of	simple crescent moon, clean background	high-frequency circuit traces, fine edges	text, watermark, logo, blurry, low contrast, low quality, distorted anatomy
focus_00394	a lithograph of	simple crescent moon, clean background	mechanical engravings, rich micro-details	text, watermark, logo, blurry, low contrast, low quality, distorted anatomy
focus_00395	a lithograph of	simple crescent moon, clean background	intricate snake scales, dense texture	text, watermark, logo, blurry, low contrast, low quality, distorted anatomy
focus_00396	a lithograph of	simple crescent moon, clean background	frost crystals, fine edges	text, watermark, logo, blurry, low contrast, low quality, distorted anatomy
focus_00397	a lithograph of	simple crescent moon, clean background	ornate smoke swirls, close-up view	text, watermark, logo, blurry, low contrast, low quality, distorted anatomy
focus_00398	a lithograph of	simple crescent moon, clean background	gemstone facets, busy surface patterns	text, watermark, logo, blurry, low contrast, low quality, distorted anatomy
focus_00399	a lithograph of	simple crescent moon, clean background	woven threads, dense texture	text, watermark, logo, blurry, low contrast, low quality, distorted anatomy
focus_00400	a lithograph of	iconic violin, centered composition	intricate eagle feathers, fine edges	text, watermark, logo, blurry, low contrast, low quality, distorted anatomy
focus_00401	a lithograph of	iconic violin, centered composition	high-frequency peacock plumage, dense texture	text, watermark, logo, blurry, low contrast, low quality, distorted anatomy
focus_00402	a lithograph of	iconic violin, centered composition	delicate owl feathers, rich micro-details	text, watermark, logo, blurry, low contrast, low quality, distorted anatomy
focus_00403	a lithograph of	iconic violin, centered composition	textured phoenix feathers, fine edges	text, watermark, logo, blurry, low contrast, low quality, distorted anatomy
focus_00404	a lithograph of	iconic violin, centered composition	ultra-detailed rose petals, busy surface patterns	text, watermark, logo, blurry, low contrast, low quality, distorted anatomy
focus_00405	a lithograph of	iconic violin, centered composition	intricate sunflower petals, dense texture	text, watermark, logo, blurry, low contrast, low quality, distorted anatomy
focus_00406	a lithograph of	iconic violin, centered composition	filigreed ivy vines, ornamental detail	text, watermark, logo, blurry, low contrast, low quality, distorted anatomy
focus_00407	a lithograph of	iconic violin, centered composition	delicate wild mushrooms, busy surface patterns	text, watermark, logo, blurry, low contrast, low quality, distorted anatomy
focus_00408	a lithograph of	iconic violin, centered composition	intricate autumn leaves, rich micro-details	text, watermark, logo, blurry, low contrast, low quality, distorted anatomy
focus_00409	a lithograph of	iconic violin, centered composition	ornate coral branches, dense texture	text, watermark, logo, blurry, low contrast, low quality, distorted anatomy
focus_00410	a lithograph of	iconic violin, centered composition	filigreed stained glass fragments, fine edges	text, watermark, logo, blurry, low contrast, low quality, distorted anatomy
focus_00411	a lithograph of	iconic violin, centered composition	high-frequency mosaic tiles, rich micro-details	text, watermark, logo, blurry, low contrast, low quality, distorted anatomy
focus_00412	a lithograph of	iconic violin, centered composition	embroidered fabric, dense texture	text, watermark, logo, blurry, low contrast, low quality, distorted anatomy
focus_00413	a lithograph of	iconic violin, centered composition	ornate lace, fine edges	text, watermark, logo, blurry, low contrast, low quality, distorted anatomy
focus_00414	a lithograph of	iconic violin, centered composition	high-frequency folded origami layers, fine edges	text, watermark, logo, blurry, low contrast, low quality, distorted anatomy
focus_00415	a lithograph of	iconic violin, centered composition	ceramic shards, busy surface patterns	text, watermark, logo, blurry, low contrast, low quality, distorted anatomy
focus_00416	a lithograph of	iconic violin, centered composition	intricate watch gears, dense texture	text, watermark, logo, blurry, low contrast, low quality, distorted anatomy
focus_00417	a lithograph of	iconic violin, centered composition	ornate brass filigree, ornamental detail	text, watermark, logo, blurry, low contrast, low quality, distorted anatomy
focus_00418	a lithograph of	iconic violin, centered composition	high-frequency circuit traces, fine edges	text, watermark, logo, blurry, low contrast, low quality, distorted anatomy
focus_00419	a lithograph of	iconic violin, centered composition	mechanical engravings, rich micro-details	text, watermark, logo, blurry, low contrast, low quality, distorted anatomy
focus_00420	a lithograph of	iconic violin, centered composition	intricate snake scales, dense texture	text, watermark, logo, blurry, low contrast, low quality, distorted anatomy
focus_00421	a lithograph of	iconic violin, centered composition	frost crystals, fine edges	text, watermark, logo, blurry, low contrast, low quality, distorted anatomy
focus_00422	a lithograph of	iconic violin, centered composition	ornate smoke swirls, close-up view	text, watermark, logo, blurry, low contrast, low quality, distorted anatomy
focus_00423	a lithograph of	iconic violin, centered composition	gemstone facets, busy surface patterns	text, watermark, logo, blurry, low contrast, low quality, distorted anatomy
focus_00424	a lithograph of	iconic violin, centered composition	woven threads, dense texture	text, watermark, logo, blurry, low contrast, low quality, distorted anatomy
focus_00425	a lithograph of	bold chess king, frontal view	intricate eagle feathers, fine edges	text, watermark, logo, blurry, low contrast, low quality, distorted anatomy
focus_00426	a lithograph of	bold chess king, frontal view	high-frequency peacock plumage, dense texture	text, watermark, logo, blurry, low contrast, low quality, distorted anatomy
focus_00427	a lithograph of	bold chess king, frontal view	delicate owl feathers, rich micro-details	text, watermark, logo, blurry, low contrast, low quality, distorted anatomy
focus_00428	a lithograph of	bold chess king, frontal view	textured phoenix feathers, fine edges	text, watermark, logo, blurry, low contrast, low quality, distorted anatomy
focus_00429	a lithograph of	bold chess king, frontal view	ultra-detailed rose petals, busy surface patterns	text, watermark, logo, blurry, low contrast, low quality, distorted anatomy
focus_00430	a lithograph of	bold chess king, frontal view	intricate sunflower petals, dense texture	text, watermark, logo, blurry, low contrast, low quality, distorted anatomy
focus_00431	a lithograph of	bold chess king, frontal view	filigreed ivy vines, ornamental detail	text, watermark, logo, blurry, low contrast, low quality, distorted anatomy
focus_00432	a lithograph of	bold chess king, frontal view	delicate wild mushrooms, busy surface patterns	text, watermark, logo, blurry, low contrast, low quality, distorted anatomy
focus_00433	a lithograph of	bold chess king, frontal view	intricate autumn leaves, rich micro-details	text, watermark, logo, blurry, low contrast, low quality, distorted anatomy
focus_00434	a lithograph of	bold chess king, frontal view	ornate coral branches, dense texture	text, watermark, logo, blurry, low contrast, low quality, distorted anatomy
focus_00435	a lithograph of	bold chess king, frontal view	filigreed stained glass fragments, fine edges	text, watermark, logo, blurry, low contrast, low quality, distorted anatomy
focus_00436	a lithograph of	bold chess king, frontal view	high-frequency mosaic tiles, rich micro-details	text, watermark, logo, blurry, low contrast, low quality, distorted anatomy
focus_00437	a lithograph of	bold chess king, frontal view	embroidered fabric, dense texture	text, watermark, logo, blurry, low contrast, low quality, distorted anatomy
focus_00438	a lithograph of	bold chess king, frontal view	ornate lace, fine edges	text, watermark, logo, blurry, low contrast, low quality, distorted anatomy
focus_00439	a lithograph of	bold chess king, frontal view	high-frequency folded origami layers, fine edges	text, watermark, logo, blurry, low contrast, low quality, distorted anatomy
focus_00440	a lithograph of	bold chess king, frontal view	ceramic shards, busy surface patterns	text, watermark, logo, blurry, low contrast, low quality, distorted anatomy
focus_00441	a lithograph of	bold chess king, frontal view	intricate watch gears, dense texture	text, watermark, logo, blurry, low contrast, low quality, distorted anatomy
focus_00442	a lithograph of	bold chess king, frontal view	ornate brass filigree, ornamental detail	text, watermark, logo, blurry, low contrast, low quality, distorted anatomy
focus_00443	a lithograph of	bold chess king, frontal view	high-frequency circuit traces, fine edges	text, watermark, logo, blurry, low contrast, low quality, distorted anatomy
focus_00444	a lithograph of	bold chess king, frontal view	mechanical engravings, rich micro-details	text, watermark, logo, blurry, low contrast, low quality, distorted anatomy
focus_00445	a lithograph of	bold chess king, frontal view	intricate snake scales, dense texture	text, watermark, logo, blurry, low contrast, low quality, distorted anatomy
focus_00446	a lithograph of	bold chess king, frontal view	frost crystals, fine edges	text, watermark, logo, blurry, low contrast, low quality, distorted anatomy
focus_00447	a lithograph of	bold chess king, frontal view	ornate smoke swirls, close-up view	text, watermark, logo, blurry, low contrast, low quality, distorted anatomy
focus_00448	a lithograph of	bold chess king, frontal view	gemstone facets, busy surface patterns	text, watermark, logo, blurry, low contrast, low quality, distorted anatomy
focus_00449	a lithograph of	bold chess king, frontal view	woven threads, dense texture	text, watermark, logo, blurry, low contrast, low quality, distorted anatomy
focus_00450	a lithograph of	castle silhouette, large simple shapes	intricate eagle feathers, fine edges	text, watermark, logo, blurry, low contrast, low quality, distorted anatomy
focus_00451	a lithograph of	castle silhouette, large simple shapes	high-frequency peacock plumage, dense texture	text, watermark, logo, blurry, low contrast, low quality, distorted anatomy
focus_00452	a lithograph of	castle silhouette, large simple shapes	delicate owl feathers, rich micro-details	text, watermark, logo, blurry, low contrast, low quality, distorted anatomy
focus_00453	a lithograph of	castle silhouette, large simple shapes	textured phoenix feathers, fine edges	text, watermark, logo, blurry, low contrast, low quality, distorted anatomy
focus_00454	a lithograph of	castle silhouette, large simple shapes	ultra-detailed rose petals, busy surface patterns	text, watermark, logo, blurry, low contrast, low quality, distorted anatomy
focus_00455	a lithograph of	castle silhouette, large simple shapes	intricate sunflower petals, dense texture	text, watermark, logo, blurry, low contrast, low quality, distorted anatomy
focus_00456	a lithograph of	castle silhouette, large simple shapes	filigreed ivy vines, ornamental detail	text, watermark, logo, blurry, low contrast, low quality, distorted anatomy
focus_00457	a lithograph of	castle silhouette, large simple shapes	delicate wild mushrooms, busy surface patterns	text, watermark, logo, blurry, low contrast, low quality, distorted anatomy
focus_00458	a lithograph of	castle silhouette, large simple shapes	intricate autumn leaves, rich micro-details	text, watermark, logo, blurry, low contrast, low quality, distorted anatomy
focus_00459	a lithograph of	castle silhouette, large simple shapes	ornate coral branches, dense texture	text, watermark, logo, blurry, low contrast, low quality, distorted anatomy
focus_00460	a lithograph of	castle silhouette, large simple shapes	filigreed stained glass fragments, fine edges	text, watermark, logo, blurry, low contrast, low quality, distorted anatomy
focus_00461	a lithograph of	castle silhouette, large simple shapes	high-frequency mosaic tiles, rich micro-details	text, watermark, logo, blurry, low contrast, low quality, distorted anatomy
focus_00462	a lithograph of	castle silhouette, large simple shapes	embroidered fabric, dense texture	text, watermark, logo, blurry, low contrast, low quality, distorted anatomy
focus_00463	a lithograph of	castle silhouette, large simple shapes	ornate lace, fine edges	text, watermark, logo, blurry, low contrast, low quality, distorted anatomy
focus_00464	a lithograph of	castle silhouette, large simple shapes	high-frequency folded origami layers, fine edges	text, watermark, logo, blurry, low contrast, low quality, distorted anatomy
focus_00465	a lithograph of	castle silhouette, large simple shapes	ceramic shards, busy surface patterns	text, watermark, logo, blurry, low contrast, low quality, distorted anatomy
focus_00466	a lithograph of	castle silhouette, large simple shapes	intricate watch gears, dense texture	text, watermark, logo, blurry, low contrast, low quality, distorted anatomy
focus_00467	a lithograph of	castle silhouette, large simple shapes	ornate brass filigree, ornamental detail	text, watermark, logo, blurry, low contrast, low quality, distorted anatomy
focus_00468	a lithograph of	castle silhouette, large simple shapes	high-frequency circuit traces, fine edges	text, watermark, logo, blurry, low contrast, low quality, distorted anatomy
focus_00469	a lithograph of	castle silhouette, large simple shapes	mechanical engravings, rich micro-details	text, watermark, logo, blurry, low contrast, low quality, distorted anatomy
focus_00470	a lithograph of	castle silhouette, large simple shapes	intricate snake scales, dense texture	text, watermark, logo, blurry, low contrast, low quality, distorted anatomy
focus_00471	a lithograph of	castle silhouette, large simple shapes	frost crystals, fine edges	text, watermark, logo, blurry, low contrast, low quality, distorted anatomy
focus_00472	a lithograph of	castle silhouette, large simple shapes	ornate smoke swirls, close-up view	text, watermark, logo, blurry, low contrast, low quality, distorted anatomy
focus_00473	a lithograph of	castle silhouette, large simple shapes	gemstone facets, busy surface patterns	text, watermark, logo, blurry, low contrast, low quality, distorted anatomy
focus_00474	a lithograph of	castle silhouette, large simple shapes	woven threads, dense texture	text, watermark, logo, blurry, low contrast, low quality, distorted anatomy
focus_00475	a lithograph of	temple gate, frontal view	intricate eagle feathers, fine edges	text, watermark, logo, blurry, low contrast, low quality, distorted anatomy
focus_00476	a lithograph of	temple gate, frontal view	high-frequency peacock plumage, dense texture	text, watermark, logo, blurry, low contrast, low quality, distorted anatomy
focus_00477	a lithograph of	temple gate, frontal view	delicate owl feathers, rich micro-details	text, watermark, logo, blurry, low contrast, low quality, distorted anatomy
focus_00478	a lithograph of	temple gate, frontal view	textured phoenix feathers, fine edges	text, watermark, logo, blurry, low contrast, low quality, distorted anatomy
focus_00479	a lithograph of	temple gate, frontal view	ultra-detailed rose petals, busy surface patterns	text, watermark, logo, blurry, low contrast, low quality, distorted anatomy
focus_00480	a lithograph of	temple gate, frontal view	intricate sunflower petals, dense texture	text, watermark, logo, blurry, low contrast, low quality, distorted anatomy
focus_00481	a lithograph of	temple gate, frontal view	filigreed ivy vines, ornamental detail	text, watermark, logo, blurry, low contrast, low quality, distorted anatomy
focus_00482	a lithograph of	temple gate, frontal view	delicate wild mushrooms, busy surface patterns	text, watermark, logo, blurry, low contrast, low quality, distorted anatomy
focus_00483	a lithograph of	temple gate, frontal view	intricate autumn leaves, rich micro-details	text, watermark, logo, blurry, low contrast, low quality, distorted anatomy
focus_00484	a lithograph of	temple gate, frontal view	ornate coral branches, dense texture	text, watermark, logo, blurry, low contrast, low quality, distorted anatomy
focus_00485	a lithograph of	temple gate, frontal view	filigreed stained glass fragments, fine edges	text, watermark, logo, blurry, low contrast, low quality, distorted anatomy
focus_00486	a lithograph of	temple gate, frontal view	high-frequency mosaic tiles, rich micro-details	text, watermark, logo, blurry, low contrast, low quality, distorted anatomy
focus_00487	a lithograph of	temple gate, frontal view	embroidered fabric, dense texture	text, watermark, logo, blurry, low contrast, low quality, distorted anatomy
focus_00488	a lithograph of	temple gate, frontal view	ornate lace, fine edges	text, watermark, logo, blurry, low contrast, low quality, distorted anatomy
focus_00489	a lithograph of	temple gate, frontal view	high-frequency folded origami layers, fine edges	text, watermark, logo, blurry, low contrast, low quality, distorted anatomy
focus_00490	a lithograph of	temple gate, frontal view	ceramic shards, busy surface patterns	text, watermark, logo, blurry, low contrast, low quality, distorted anatomy
focus_00491	a lithograph of	temple gate, frontal view	intricate watch gears, dense texture	text, watermark, logo, blurry, low contrast, low quality, distorted anatomy
focus_00492	a lithograph of	temple gate, frontal view	ornate brass filigree, ornamental detail	text, watermark, logo, blurry, low contrast, low quality, distorted anatomy
focus_00493	a lithograph of	temple gate, frontal view	high-frequency circuit traces, fine edges	text, watermark, logo, blurry, low contrast, low quality, distorted anatomy
focus_00494	a lithograph of	temple gate, frontal view	mechanical engravings, rich micro-details	text, watermark, logo, blurry, low contrast, low quality, distorted anatomy
focus_00495	a lithograph of	temple gate, frontal view	intricate snake scales, dense texture	text, watermark, logo, blurry, low contrast, low quality, distorted anatomy
focus_00496	a lithograph of	temple gate, frontal view	frost crystals, fine edges	text, watermark, logo, blurry, low contrast, low quality, distorted anatomy
focus_00497	a lithograph of	temple gate, frontal view	ornate smoke swirls, close-up view	text, watermark, logo, blurry, low contrast, low quality, distorted anatomy
focus_00498	a lithograph of	temple gate, frontal view	gemstone facets, busy surface patterns	text, watermark, logo, blurry, low contrast, low quality, distorted anatomy
focus_00499	a lithograph of	temple gate, frontal view	woven threads, dense texture	text, watermark, logo, blurry, low contrast, low quality, distorted anatomy
focus_00500	a woodcut print of	centered owl face, bold silhouette	intricate eagle feathers, fine edges	text, watermark, logo, blurry, low contrast, low quality, distorted anatomy
focus_00501	a woodcut print of	centered owl face, bold silhouette	high-frequency peacock plumage, dense texture	text, watermark, logo, blurry, low contrast, low quality, distorted anatomy
focus_00502	a woodcut print of	centered owl face, bold silhouette	delicate owl feathers, rich micro-details	text, watermark, logo, blurry, low contrast, low quality, distorted anatomy
focus_00503	a woodcut print of	centered owl face, bold silhouette	textured phoenix feathers, fine edges	text, watermark, logo, blurry, low contrast, low quality, distorted anatomy
focus_00504	a woodcut print of	centered owl face, bold silhouette	ultra-detailed rose petals, busy surface patterns	text, watermark, logo, blurry, low contrast, low quality, distorted anatomy
focus_00505	a woodcut print of	centered owl face, bold silhouette	intricate sunflower petals, dense texture	text, watermark, logo, blurry, low contrast, low quality, distorted anatomy
focus_00506	a woodcut print of	centered owl face, bold silhouette	filigreed ivy vines, ornamental detail	text, watermark, logo, blurry, low contrast, low quality, distorted anatomy
focus_00507	a woodcut print of	centered owl face, bold silhouette	delicate wild mushrooms, busy surface patterns	text, watermark, logo, blurry, low contrast, low quality, distorted anatomy
focus_00508	a woodcut print of	centered owl face, bold silhouette	intricate autumn leaves, rich micro-details	text, watermark, logo, blurry, low contrast, low quality, distorted anatomy
focus_00509	a woodcut print of	centered owl face, bold silhouette	ornate coral branches, dense texture	text, watermark, logo, blurry, low contrast, low quality, distorted anatomy
focus_00510	a woodcut print of	centered owl face, bold silhouette	filigreed stained glass fragments, fine edges	text, watermark, logo, blurry, low contrast, low quality, distorted anatomy
focus_00511	a woodcut print of	centered owl face, bold silhouette	high-frequency mosaic tiles, rich micro-details	text, watermark, logo, blurry, low contrast, low quality, distorted anatomy
focus_00512	a woodcut print of	centered owl face, bold silhouette	embroidered fabric, dense texture	text, watermark, logo, blurry, low contrast, low quality, distorted anatomy
focus_00513	a woodcut print of	centered owl face, bold silhouette	ornate lace, fine edges	text, watermark, logo, blurry, low contrast, low quality, distorted anatomy
focus_00514	a woodcut print of	centered owl face, bold silhouette	high-frequency folded origami layers, fine edges	text, watermark, logo, blurry, low contrast, low quality, distorted anatomy
focus_00515	a woodcut print of	centered owl face, bold silhouette	ceramic shards, busy surface patterns	text, watermark, logo, blurry, low contrast, low quality, distorted anatomy
focus_00516	a woodcut print of	centered owl face, bold silhouette	intricate watch gears, dense texture	text, watermark, logo, blurry, low contrast, low quality, distorted anatomy
focus_00517	a woodcut print of	centered owl face, bold silhouette	ornate brass filigree, ornamental detail	text, watermark, logo, blurry, low contrast, low quality, distorted anatomy
focus_00518	a woodcut print of	centered owl face, bold silhouette	high-frequency circuit traces, fine edges	text, watermark, logo, blurry, low contrast, low quality, distorted anatomy
focus_00519	a woodcut print of	centered owl face, bold silhouette	mechanical engravings, rich micro-details	text, watermark, logo, blurry, low contrast, low quality, distorted anatomy
focus_00520	a woodcut print of	centered owl face, bold silhouette	intricate snake scales, dense texture	text, watermark, logo, blurry, low contrast, low quality, distorted anatomy
focus_00521	a woodcut print of	centered owl face, bold silhouette	frost crystals, fine edges	text, watermark, logo, blurry, low contrast, low quality, distorted anatomy
focus_00522	a woodcut print of	centered owl face, bold silhouette	ornate smoke swirls, close-up view	text, watermark, logo, blurry, low contrast, low quality, distorted anatomy
focus_00523	a woodcut print of	centered owl face, bold silhouette	gemstone facets, busy surface patterns	text, watermark, logo, blurry, low contrast, low quality, distorted anatomy
focus_00524	a woodcut print of	centered owl face, bold silhouette	woven threads, dense texture	text, watermark, logo, blurry, low contrast, low quality, distorted anatomy
focus_00525	a woodcut print of	iconic rabbit silhouette, large simple shapes	intricate eagle feathers, fine edges	text, watermark, logo, blurry, low contrast, low quality, distorted anatomy
focus_00526	a woodcut print of	iconic rabbit silhouette, large simple shapes	high-frequency peacock plumage, dense texture	text, watermark, logo, blurry, low contrast, low quality, distorted anatomy
focus_00527	a woodcut print of	iconic rabbit silhouette, large simple shapes	delicate owl feathers, rich micro-details	text, watermark, logo, blurry, low contrast, low quality, distorted anatomy
focus_00528	a woodcut print of	iconic rabbit silhouette, large simple shapes	textured phoenix feathers, fine edges	text, watermark, logo, blurry, low contrast, low quality, distorted anatomy
focus_00529	a woodcut print of	iconic rabbit silhouette, large simple shapes	ultra-detailed rose petals, busy surface patterns	text, watermark, logo, blurry, low contrast, low quality, distorted anatomy
focus_00530	a woodcut print of	iconic rabbit silhouette, large simple shapes	intricate sunflower petals, dense texture	text, watermark, logo, blurry, low contrast, low quality, distorted anatomy
focus_00531	a woodcut print of	iconic rabbit silhouette, large simple shapes	filigreed ivy vines, ornamental detail	text, watermark, logo, blurry, low contrast, low quality, distorted anatomy
focus_00532	a woodcut print of	iconic rabbit silhouette, large simple shapes	delicate wild mushrooms, busy surface patterns	text, watermark, logo, blurry, low contrast, low quality, distorted anatomy
focus_00533	a woodcut print of	iconic rabbit silhouette, large simple shapes	intricate autumn leaves, rich micro-details	text, watermark, logo, blurry, low contrast, low quality, distorted anatomy
focus_00534	a woodcut print of	iconic rabbit silhouette, large simple shapes	ornate coral branches, dense texture	text, watermark, logo, blurry, low contrast, low quality, distorted anatomy
focus_00535	a woodcut print of	iconic rabbit silhouette, large simple shapes	filigreed stained glass fragments, fine edges	text, watermark, logo, blurry, low contrast, low quality, distorted anatomy
focus_00536	a woodcut print of	iconic rabbit silhouette, large simple shapes	high-frequency mosaic tiles, rich micro-details	text, watermark, logo, blurry, low contrast, low quality, distorted anatomy
focus_00537	a woodcut print of	iconic rabbit silhouette, large simple shapes	embroidered fabric, dense texture	text, watermark, logo, blurry, low contrast, low quality, distorted anatomy
focus_00538	a woodcut print of	iconic rabbit silhouette, large simple shapes	ornate lace, fine edges	text, watermark, logo, blurry, low contrast, low quality, distorted anatomy
focus_00539	a woodcut print of	iconic rabbit silhouette, large simple shapes	high-frequency folded origami layers, fine edges	text, watermark, logo, blurry, low contrast, low quality, distorted anatomy
focus_00540	a woodcut print of	iconic rabbit silhouette, large simple shapes	ceramic shards, busy surface patterns	text, watermark, logo, blurry, low contrast, low quality, distorted anatomy
focus_00541	a woodcut print of	iconic rabbit silhouette, large simple shapes	intricate watch gears, dense texture	text, watermark, logo, blurry, low contrast, low quality, distorted anatomy
focus_00542	a woodcut print of	iconic rabbit silhouette, large simple shapes	ornate brass filigree, ornamental detail	text, watermark, logo, blurry, low contrast, low quality, distorted anatomy
focus_00543	a woodcut print of	iconic rabbit silhouette, large simple shapes	high-frequency circuit traces, fine edges	text, watermark, logo, blurry, low contrast, low quality, distorted anatomy
focus_00544	a woodcut print of	iconic rabbit silhouette, large simple shapes	mechanical engravings, rich micro-details	text, watermark, logo, blurry, low contrast, low quality, distorted anatomy
focus_00545	a woodcut print of	iconic rabbit silhouette, large simple shapes	intricate snake scales, dense texture	text, watermark, logo, blurry, low contrast, low quality, distorted anatomy
focus_00546	a woodcut print of	iconic rabbit silhouette, large simple shapes	frost crystals, fine edges	text, watermark, logo, blurry, low contrast, low quality, distorted anatomy
focus_00547	a woodcut print of	iconic rabbit silhouette, large simple shapes	ornate smoke swirls, close-up view	text, watermark, logo, blurry, low contrast, low quality, distorted anatomy
focus_00548	a woodcut print of	iconic rabbit silhouette, large simple shapes	gemstone facets, busy surface patterns	text, watermark, logo, blurry, low contrast, low quality, distorted anatomy
focus_00549	a woodcut print of	iconic rabbit silhouette, large simple shapes	woven threads, dense texture	text, watermark, logo, blurry, low contrast, low quality, distorted anatomy
focus_00550	a woodcut print of	poster-like serene monk face, symmetrical layout	intricate eagle feathers, fine edges	text, watermark, logo, blurry, low contrast, low quality, distorted anatomy
focus_00551	a woodcut print of	poster-like serene monk face, symmetrical layout	high-frequency peacock plumage, dense texture	text, watermark, logo, blurry, low contrast, low quality, distorted anatomy
focus_00552	a woodcut print of	poster-like serene monk face, symmetrical layout	delicate owl feathers, rich micro-details	text, watermark, logo, blurry, low contrast, low quality, distorted anatomy
focus_00553	a woodcut print of	poster-like serene monk face, symmetrical layout	textured phoenix feathers, fine edges	text, watermark, logo, blurry, low contrast, low quality, distorted anatomy
focus_00554	a woodcut print of	poster-like serene monk face, symmetrical layout	ultra-detailed rose petals, busy surface patterns	text, watermark, logo, blurry, low contrast, low quality, distorted anatomy
focus_00555	a woodcut print of	poster-like serene monk face, symmetrical layout	intricate sunflower petals, dense texture	text, watermark, logo, blurry, low contrast, low quality, distorted anatomy
focus_00556	a woodcut print of	poster-like serene monk face, symmetrical layout	filigreed ivy vines, ornamental detail	text, watermark, logo, blurry, low contrast, low quality, distorted anatomy
focus_00557	a woodcut print of	poster-like serene monk face, symmetrical layout	delicate wild mushrooms, busy surface patterns	text, watermark, logo, blurry, low contrast, low quality, distorted anatomy
focus_00558	a woodcut print of	poster-like serene monk face, symmetrical layout	intricate autumn leaves, rich micro-details	text, watermark, logo, blurry, low contrast, low quality, distorted anatomy
focus_00559	a woodcut print of	poster-like serene monk face, symmetrical layout	ornate coral branches, dense texture	text, watermark, logo, blurry, low contrast, low quality, distorted anatomy
focus_00560	a woodcut print of	poster-like serene monk face, symmetrical layout	filigreed stained glass fragments, fine edges	text, watermark, logo, blurry, low contrast, low quality, distorted anatomy
focus_00561	a woodcut print of	poster-like serene monk face, symmetrical layout	high-frequency mosaic tiles, rich micro-details	text, watermark, logo, blurry, low contrast, low quality, distorted anatomy
focus_00562	a woodcut print of	poster-like serene monk face, symmetrical layout	embroidered fabric, dense texture	text, watermark, logo, blurry, low contrast, low quality, distorted anatomy
focus_00563	a woodcut print of	poster-like serene monk face, symmetrical layout	ornate lace, fine edges	text, watermark, logo, blurry, low contrast, low quality, distorted anatomy
focus_00564	a woodcut print of	poster-like serene monk face, symmetrical layout	high-frequency folded origami layers, fine edges	text, watermark, logo, blurry, low contrast, low quality, distorted anatomy
focus_00565	a woodcut print of	poster-like serene monk face, symmetrical layout	ceramic shards, busy surface patterns	text, watermark, logo, blurry, low contrast, low quality, distorted anatomy
focus_00566	a woodcut print of	poster-like serene monk face, symmetrical layout	intricate watch gears, dense texture	text, watermark, logo, blurry, low contrast, low quality, distorted anatomy
focus_00567	a woodcut print of	poster-like serene monk face, symmetrical layout	ornate brass filigree, ornamental detail	text, watermark, logo, blurry, low contrast, low quality, distorted anatomy
focus_00568	a woodcut print of	poster-like serene monk face, symmetrical layout	high-frequency circuit traces, fine edges	text, watermark, logo, blurry, low contrast, low quality, distorted anatomy
focus_00569	a woodcut print of	poster-like serene monk face, symmetrical layout	mechanical engravings, rich micro-details	text, watermark, logo, blurry, low contrast, low quality, distorted anatomy
focus_00570	a woodcut print of	poster-like serene monk face, symmetrical layout	intricate snake scales, dense texture	text, watermark, logo, blurry, low contrast, low quality, distorted anatomy
focus_00571	a woodcut print of	poster-like serene monk face, symmetrical layout	frost crystals, fine edges	text, watermark, logo, blurry, low contrast, low quality, distorted anatomy
focus_00572	a woodcut print of	poster-like serene monk face, symmetrical layout	ornate smoke swirls, close-up view	text, watermark, logo, blurry, low contrast, low quality, distorted anatomy
focus_00573	a woodcut print of	poster-like serene monk face, symmetrical layout	gemstone facets, busy surface patterns	text, watermark, logo, blurry, low contrast, low quality, distorted anatomy
focus_00574	a woodcut print of	poster-like serene monk face, symmetrical layout	woven threads, dense texture	text, watermark, logo, blurry, low contrast, low quality, distorted anatomy
focus_00575	a woodcut print of	monumental lighthouse, centered composition	intricate eagle feathers, fine edges	text, watermark, logo, blurry, low contrast, low quality, distorted anatomy
focus_00576	a woodcut print of	monumental lighthouse, centered composition	high-frequency peacock plumage, dense texture	text, watermark, logo, blurry, low contrast, low quality, distorted anatomy
focus_00577	a woodcut print of	monumental lighthouse, centered composition	delicate owl feathers, rich micro-details	text, watermark, logo, blurry, low contrast, low quality, distorted anatomy
focus_00578	a woodcut print of	monumental lighthouse, centered composition	textured phoenix feathers, fine edges	text, watermark, logo, blurry, low contrast, low quality, distorted anatomy
focus_00579	a woodcut print of	monumental lighthouse, centered composition	ultra-detailed rose petals, busy surface patterns	text, watermark, logo, blurry, low contrast, low quality, distorted anatomy
focus_00580	a woodcut print of	monumental lighthouse, centered composition	intricate sunflower petals, dense texture	text, watermark, logo, blurry, low contrast, low quality, distorted anatomy
focus_00581	a woodcut print of	monumental lighthouse, centered composition	filigreed ivy vines, ornamental detail	text, watermark, logo, blurry, low contrast, low quality, distorted anatomy
focus_00582	a woodcut print of	monumental lighthouse, centered composition	delicate wild mushrooms, busy surface patterns	text, watermark, logo, blurry, low contrast, low quality, distorted anatomy
focus_00583	a woodcut print of	monumental lighthouse, centered composition	intricate autumn leaves, rich micro-details	text, watermark, logo, blurry, low contrast, low quality, distorted anatomy
focus_00584	a woodcut print of	monumental lighthouse, centered composition	ornate coral branches, dense texture	text, watermark, logo, blurry, low contrast, low quality, distorted anatomy
focus_00585	a woodcut print of	monumental lighthouse, centered composition	filigreed stained glass fragments, fine edges	text, watermark, logo, blurry, low contrast, low quality, distorted anatomy
focus_00586	a woodcut print of	monumental lighthouse, centered composition	high-frequency mosaic tiles, rich micro-details	text, watermark, logo, blurry, low contrast, low quality, distorted anatomy
focus_00587	a woodcut print of	monumental lighthouse, centered composition	embroidered fabric, dense texture	text, watermark, logo, blurry, low contrast, low quality, distorted anatomy
focus_00588	a woodcut print of	monumental lighthouse, centered composition	ornate lace, fine edges	text, watermark, logo, blurry, low contrast, low quality, distorted anatomy
focus_00589	a woodcut print of	monumental lighthouse, centered composition	high-frequency folded origami layers, fine edges	text, watermark, logo, blurry, low contrast, low quality, distorted anatomy
focus_00590	a woodcut print of	monumental lighthouse, centered composition	ceramic shards, busy surface patterns	text, watermark, logo, blurry, low contrast, low quality, distorted anatomy
focus_00591	a woodcut print of	monumental lighthouse, centered composition	intricate watch gears, dense texture	text, watermark, logo, blurry, low contrast, low quality, distorted anatomy
focus_00592	a woodcut print of	monumental lighthouse, centered composition	ornate brass filigree, ornamental detail	text, watermark, logo, blurry, low contrast, low quality, distorted anatomy
focus_00593	a woodcut print of	monumental lighthouse, centered composition	high-frequency circuit traces, fine edges	text, watermark, logo, blurry, low contrast, low quality, distorted anatomy
focus_00594	a woodcut print of	monumental lighthouse, centered composition	mechanical engravings, rich micro-details	text, watermark, logo, blurry, low contrast, low quality, distorted anatomy
focus_00595	a woodcut print of	monumental lighthouse, centered composition	intricate snake scales, dense texture	text, watermark, logo, blurry, low contrast, low quality, distorted anatomy
focus_00596	a woodcut print of	monumental lighthouse, centered composition	frost crystals, fine edges	text, watermark, logo, blurry, low contrast, low quality, distorted anatomy
focus_00597	a woodcut print of	monumental lighthouse, centered composition	ornate smoke swirls, close-up view	text, watermark, logo, blurry, low contrast, low quality, distorted anatomy
focus_00598	a woodcut print of	monumental lighthouse, centered composition	gemstone facets, busy surface patterns	text, watermark, logo, blurry, low contrast, low quality, distorted anatomy
focus_00599	a woodcut print of	monumental lighthouse, centered composition	woven threads, dense texture	text, watermark, logo, blurry, low contrast, low quality, distorted anatomy
focus_00600	a woodcut print of	high-contrast butterfly, symmetrical layout	intricate eagle feathers, fine edges	text, watermark, logo, blurry, low contrast, low quality, distorted anatomy
focus_00601	a woodcut print of	high-contrast butterfly, symmetrical layout	high-frequency peacock plumage, dense texture	text, watermark, logo, blurry, low contrast, low quality, distorted anatomy
focus_00602	a woodcut print of	high-contrast butterfly, symmetrical layout	delicate owl feathers, rich micro-details	text, watermark, logo, blurry, low contrast, low quality, distorted anatomy
focus_00603	a woodcut print of	high-contrast butterfly, symmetrical layout	textured phoenix feathers, fine edges	text, watermark, logo, blurry, low contrast, low quality, distorted anatomy
focus_00604	a woodcut print of	high-contrast butterfly, symmetrical layout	ultra-detailed rose petals, busy surface patterns	text, watermark, logo, blurry, low contrast, low quality, distorted anatomy
focus_00605	a woodcut print of	high-contrast butterfly, symmetrical layout	intricate sunflower petals, dense texture	text, watermark, logo, blurry, low contrast, low quality, distorted anatomy
focus_00606	a woodcut print of	high-contrast butterfly, symmetrical layout	filigreed ivy vines, ornamental detail	text, watermark, logo, blurry, low contrast, low quality, distorted anatomy
focus_00607	a woodcut print of	high-contrast butterfly, symmetrical layout	delicate wild mushrooms, busy surface patterns	text, watermark, logo, blurry, low contrast, low quality, distorted anatomy
focus_00608	a woodcut print of	high-contrast butterfly, symmetrical layout	intricate autumn leaves, rich micro-details	text, watermark, logo, blurry, low contrast, low quality, distorted anatomy
focus_00609	a woodcut print of	high-contrast butterfly, symmetrical layout	ornate coral branches, dense texture	text, watermark, logo, blurry, low contrast, low quality, distorted anatomy
focus_00610	a woodcut print of	high-contrast butterfly, symmetrical layout	filigreed stained glass fragments, fine edges	text, watermark, logo, blurry, low contrast, low quality, distorted anatomy
focus_00611	a woodcut print of	high-contrast butterfly, symmetrical layout	high-frequency mosaic tiles, rich micro-details	text, watermark, logo, blurry, low contrast, low quality, distorted anatomy
focus_00612	a woodcut print of	high-contrast butterfly, symmetrical layout	embroidered fabric, dense texture	text, watermark, logo, blurry, low contrast, low quality, distorted anatomy
focus_00613	a woodcut print of	high-contrast butterfly, symmetrical layout	ornate lace, fine edges	text, watermark, logo, blurry, low contrast, low quality, distorted anatomy
focus_00614	a woodcut print of	high-contrast butterfly, symmetrical layout	high-frequency folded origami layers, fine edges	text, watermark, logo, blurry, low contrast, low quality, distorted anatomy
focus_00615	a woodcut print of	high-contrast butterfly, symmetrical layout	ceramic shards, busy surface patterns	text, watermark, logo, blurry, low contrast, low quality, distorted anatomy
focus_00616	a woodcut print of	high-contrast butterfly, symmetrical layout	intricate watch gears, dense texture	text, watermark, logo, blurry, low contrast, low quality, distorted anatomy
focus_00617	a woodcut print of	high-contrast butterfly, symmetrical layout	ornate brass filigree, ornamental detail	text, watermark, logo, blurry, low contrast, low quality, distorted anatomy
focus_00618	a woodcut print of	high-contrast butterfly, symmetrical layout	high-frequency circuit traces, fine edges	text, watermark, logo, blurry, low contrast, low quality, distorted anatomy
focus_00619	a woodcut print of	high-contrast butterfly, symmetrical layout	mechanical engravings, rich micro-details	text, watermark, logo, blurry, low contrast, low quality, distorted anatomy
focus_00620	a woodcut print of	high-contrast butterfly, symmetrical layout	intricate snake scales, dense texture	text, watermark, logo, blurry, low contrast, low quality, distorted anatomy
focus_00621	a woodcut print of	high-contrast butterfly, symmetrical layout	frost crystals, fine edges	text, watermark, logo, blurry, low contrast, low quality, distorted anatomy
focus_00622	a woodcut print of	high-contrast butterfly, symmetrical layout	ornate smoke swirls, close-up view	text, watermark, logo, blurry, low contrast, low quality, distorted anatomy
focus_00623	a woodcut print of	high-contrast butterfly, symmetrical layout	gemstone facets, busy surface patterns	text, watermark, logo, blurry, low contrast, low quality, distorted anatomy
focus_00624	a woodcut print of	high-contrast butterfly, symmetrical layout	woven threads, dense texture	text, watermark, logo, blurry, low contrast, low quality, distorted anatomy
focus_00625	a woodcut print of	simple crescent moon, clean background	intricate eagle feathers, fine edges	text, watermark, logo, blurry, low contrast, low quality, distorted anatomy
focus_00626	a woodcut print of	simple crescent moon, clean background	high-frequency peacock plumage, dense texture	text, watermark, logo, blurry, low contrast, low quality, distorted anatomy
focus_00627	a woodcut print of	simple crescent moon, clean background	delicate owl feathers, rich micro-details	text, watermark, logo, blurry, low contrast, low quality, distorted anatomy
focus_00628	a woodcut print of	simple crescent moon, clean background	textured phoenix feathers, fine edges	text, watermark, logo, blurry, low contrast, low quality, distorted anatomy
focus_00629	a woodcut print of	simple crescent moon, clean background	ultra-detailed rose petals, busy surface patterns	text, watermark, logo, blurry, low contrast, low quality, distorted anatomy
focus_00630	a woodcut print of	simple crescent moon, clean background	intricate sunflower petals, dense texture	text, watermark, logo, blurry, low contrast, low quality, distorted anatomy
focus_00631	a woodcut print of	simple crescent moon, clean background	filigreed ivy vines, ornamental detail	text, watermark, logo, blurry, low contrast, low quality, distorted anatomy
focus_00632	a woodcut print of	simple crescent moon, clean background	delicate wild mushrooms, busy surface patterns	text, watermark, logo, blurry, low contrast, low quality, distorted anatomy
focus_00633	a woodcut print of	simple crescent moon, clean background	intricate autumn leaves, rich micro-details	text, watermark, logo, blurry, low contrast, low quality, distorted anatomy
focus_00634	a woodcut print of	simple crescent moon, clean background	ornate coral branches, dense texture	text, watermark, logo, blurry, low contrast, low quality, distorted anatomy
focus_00635	a woodcut print of	simple crescent moon, clean background	filigreed stained glass fragments, fine edges	text, watermark, logo, blurry, low contrast, low quality, distorted anatomy
focus_00636	a woodcut print of	simple crescent moon, clean background	high-frequency mosaic tiles, rich micro-details	text, watermark, logo, blurry, low contrast, low quality, distorted anatomy
focus_00637	a woodcut print of	simple crescent moon, clean background	embroidered fabric, dense texture	text, watermark, logo, blurry, low contrast, low quality, distorted anatomy
focus_00638	a woodcut print of	simple crescent moon, clean background	ornate lace, fine edges	text, watermark, logo, blurry, low contrast, low quality, distorted anatomy
focus_00639	a woodcut print of	simple crescent moon, clean background	high-frequency folded origami layers, fine edges	text, watermark, logo, blurry, low contrast, low quality, distorted anatomy
focus_00640	a woodcut print of	simple crescent moon, clean background	ceramic shards, busy surface patterns	text, watermark, logo, blurry, low contrast, low quality, distorted anatomy
focus_00641	a woodcut print of	simple crescent moon, clean background	intricate watch gears, dense texture	text, watermark, logo, blurry, low contrast, low quality, distorted anatomy
focus_00642	a woodcut print of	simple crescent moon, clean background	ornate brass filigree, ornamental detail	text, watermark, logo, blurry, low contrast, low quality, distorted anatomy
focus_00643	a woodcut print of	simple crescent moon, clean background	high-frequency circuit traces, fine edges	text, watermark, logo, blurry, low contrast, low quality, distorted anatomy
focus_00644	a woodcut print of	simple crescent moon, clean background	mechanical engravings, rich micro-details	text, watermark, logo, blurry, low contrast, low quality, distorted anatomy
focus_00645	a woodcut print of	simple crescent moon, clean background	intricate snake scales, dense texture	text, watermark, logo, blurry, low contrast, low quality, distorted anatomy
focus_00646	a woodcut print of	simple crescent moon, clean background	frost crystals, fine edges	text, watermark, logo, blurry, low contrast, low quality, distorted anatomy
focus_00647	a woodcut print of	simple crescent moon, clean background	ornate smoke swirls, close-up view	text, watermark, logo, blurry, low contrast, low quality, distorted anatomy
focus_00648	a woodcut print of	simple crescent moon, clean background	gemstone facets, busy surface patterns	text, watermark, logo, blurry, low contrast, low quality, distorted anatomy
focus_00649	a woodcut print of	simple crescent moon, clean background	woven threads, dense texture	text, watermark, logo, blurry, low contrast, low quality, distorted anatomy
focus_00650	a woodcut print of	iconic violin, centered composition	intricate eagle feathers, fine edges	text, watermark, logo, blurry, low contrast, low quality, distorted anatomy
focus_00651	a woodcut print of	iconic violin, centered composition	high-frequency peacock plumage, dense texture	text, watermark, logo, blurry, low contrast, low quality, distorted anatomy
focus_00652	a woodcut print of	iconic violin, centered composition	delicate owl feathers, rich micro-details	text, watermark, logo, blurry, low contrast, low quality, distorted anatomy
focus_00653	a woodcut print of	iconic violin, centered composition	textured phoenix feathers, fine edges	text, watermark, logo, blurry, low contrast, low quality, distorted anatomy
focus_00654	a woodcut print of	iconic violin, centered composition	ultra-detailed rose petals, busy surface patterns	text, watermark, logo, blurry, low contrast, low quality, distorted anatomy
focus_00655	a woodcut print of	iconic violin, centered composition	intricate sunflower petals, dense texture	text, watermark, logo, blurry, low contrast, low quality, distorted anatomy
focus_00656	a woodcut print of	iconic violin, centered composition	filigreed ivy vines, ornamental detail	text, watermark, logo, blurry, low contrast, low quality, distorted anatomy
focus_00657	a woodcut print of	iconic violin, centered composition	delicate wild mushrooms, busy surface patterns	text, watermark, logo, blurry, low contrast, low quality, distorted anatomy
focus_00658	a woodcut print of	iconic violin, centered composition	intricate autumn leaves, rich micro-details	text, watermark, logo, blurry, low contrast, low quality, distorted anatomy
focus_00659	a woodcut print of	iconic violin, centered composition	ornate coral branches, dense texture	text, watermark, logo, blurry, low contrast, low quality, distorted anatomy
focus_00660	a woodcut print of	iconic violin, centered composition	filigreed stained glass fragments, fine edges	text, watermark, logo, blurry, low contrast, low quality, distorted anatomy
focus_00661	a woodcut print of	iconic violin, centered composition	high-frequency mosaic tiles, rich micro-details	text, watermark, logo, blurry, low contrast, low quality, distorted anatomy
focus_00662	a woodcut print of	iconic violin, centered composition	embroidered fabric, dense texture	text, watermark, logo, blurry, low contrast, low quality, distorted anatomy
focus_00663	a woodcut print of	iconic violin, centered composition	ornate lace, fine edges	text, watermark, logo, blurry, low contrast, low quality, distorted anatomy
focus_00664	a woodcut print of	iconic violin, centered composition	high-frequency folded origami layers, fine edges	text, watermark, logo, blurry, low contrast, low quality, distorted anatomy
focus_00665	a woodcut print of	iconic violin, centered composition	ceramic shards, busy surface patterns	text, watermark, logo, blurry, low contrast, low quality, distorted anatomy
focus_00666	a woodcut print of	iconic violin, centered composition	intricate watch gears, dense texture	text, watermark, logo, blurry, low contrast, low quality, distorted anatomy
focus_00667	a woodcut print of	iconic violin, centered composition	ornate brass filigree, ornamental detail	text, watermark, logo, blurry, low contrast, low quality, distorted anatomy
focus_00668	a woodcut print of	iconic violin, centered composition	high-frequency circuit traces, fine edges	text, watermark, logo, blurry, low contrast, low quality, distorted anatomy
focus_00669	a woodcut print of	iconic violin, centered composition	mechanical engravings, rich micro-details	text, watermark, logo, blurry, low contrast, low quality, distorted anatomy
focus_00670	a woodcut print of	iconic violin, centered composition	intricate snake scales, dense texture	text, watermark, logo, blurry, low contrast, low quality, distorted anatomy
focus_00671	a woodcut print of	iconic violin, centered composition	frost crystals, fine edges	text, watermark, logo, blurry, low contrast, low quality, distorted anatomy
focus_00672	a woodcut print of	iconic violin, centered composition	ornate smoke swirls, close-up view	text, watermark, logo, blurry, low contrast, low quality, distorted anatomy
focus_00673	a woodcut print of	iconic violin, centered composition	gemstone facets, busy surface patterns	text, watermark, logo, blurry, low contrast, low quality, distorted anatomy
focus_00674	a woodcut print of	iconic violin, centered composition	woven threads, dense texture	text, watermark, logo, blurry, low contrast, low quality, distorted anatomy
focus_00675	a woodcut print of	bold chess king, frontal view	intricate eagle feathers, fine edges	text, watermark, logo, blurry, low contrast, low quality, distorted anatomy
focus_00676	a woodcut print of	bold chess king, frontal view	high-frequency peacock plumage, dense texture	text, watermark, logo, blurry, low contrast, low quality, distorted anatomy
focus_00677	a woodcut print of	bold chess king, frontal view	delicate owl feathers, rich micro-details	text, watermark, logo, blurry, low contrast, low quality, distorted anatomy
focus_00678	a woodcut print of	bold chess king, frontal view	textured phoenix feathers, fine edges	text, watermark, logo, blurry, low contrast, low quality, distorted anatomy
focus_00679	a woodcut print of	bold chess king, frontal view	ultra-detailed rose petals, busy surface patterns	text, watermark, logo, blurry, low contrast, low quality, distorted anatomy
focus_00680	a woodcut print of	bold chess king, frontal view	intricate sunflower petals, dense texture	text, watermark, logo, blurry, low contrast, low quality, distorted anatomy
focus_00681	a woodcut print of	bold chess king, frontal view	filigreed ivy vines, ornamental detail	text, watermark, logo, blurry, low contrast, low quality, distorted anatomy
focus_00682	a woodcut print of	bold chess king, frontal view	delicate wild mushrooms, busy surface patterns	text, watermark, logo, blurry, low contrast, low quality, distorted anatomy
focus_00683	a woodcut print of	bold chess king, frontal view	intricate autumn leaves, rich micro-details	text, watermark, logo, blurry, low contrast, low quality, distorted anatomy
focus_00684	a woodcut print of	bold chess king, frontal view	ornate coral branches, dense texture	text, watermark, logo, blurry, low contrast, low quality, distorted anatomy
focus_00685	a woodcut print of	bold chess king, frontal view	filigreed stained glass fragments, fine edges	text, watermark, logo, blurry, low contrast, low quality, distorted anatomy
focus_00686	a woodcut print of	bold chess king, frontal view	high-frequency mosaic tiles, rich micro-details	text, watermark, logo, blurry, low contrast, low quality, distorted anatomy
focus_00687	a woodcut print of	bold chess king, frontal view	embroidered fabric, dense texture	text, watermark, logo, blurry, low contrast, low quality, distorted anatomy
focus_00688	a woodcut print of	bold chess king, frontal view	ornate lace, fine edges	text, watermark, logo, blurry, low contrast, low quality, distorted anatomy
focus_00689	a woodcut print of	bold chess king, frontal view	high-frequency folded origami layers, fine edges	text, watermark, logo, blurry, low contrast, low quality, distorted anatomy
focus_00690	a woodcut print of	bold chess king, frontal view	ceramic shards, busy surface patterns	text, watermark, logo, blurry, low contrast, low quality, distorted anatomy
focus_00691	a woodcut print of	bold chess king, frontal view	intricate watch gears, dense texture	text, watermark, logo, blurry, low contrast, low quality, distorted anatomy
focus_00692	a woodcut print of	bold chess king, frontal view	ornate brass filigree, ornamental detail	text, watermark, logo, blurry, low contrast, low quality, distorted anatomy
focus_00693	a woodcut print of	bold chess king, frontal view	high-frequency circuit traces, fine edges	text, watermark, logo, blurry, low contrast, low quality, distorted anatomy
focus_00694	a woodcut print of	bold chess king, frontal view	mechanical engravings, rich micro-details	text, watermark, logo, blurry, low contrast, low quality, distorted anatomy
focus_00695	a woodcut print of	bold chess king, frontal view	intricate snake scales, dense texture	text, watermark, logo, blurry, low contrast, low quality, distorted anatomy
focus_00696	a woodcut print of	bold chess king, frontal view	frost crystals, fine edges	text, watermark, logo, blurry, low contrast, low quality, distorted anatomy
focus_00697	a woodcut print of	bold chess king, frontal view	ornate smoke swirls, close-up view	text, watermark, logo, blurry, low contrast, low quality, distorted anatomy
focus_00698	a woodcut print of	bold chess king, frontal view	gemstone facets, busy surface patterns	text, watermark, logo, blurry, low contrast, low quality, distorted anatomy
focus_00699	a woodcut print of	bold chess king, frontal view	woven threads, dense texture	text, watermark, logo, blurry, low contrast, low quality, distorted anatomy
focus_00700	a woodcut print of	castle silhouette, large simple shapes	intricate eagle feathers, fine edges	text, watermark, logo, blurry, low contrast, low quality, distorted anatomy
focus_00701	a woodcut print of	castle silhouette, large simple shapes	high-frequency peacock plumage, dense texture	text, watermark, logo, blurry, low contrast, low quality, distorted anatomy
focus_00702	a woodcut print of	castle silhouette, large simple shapes	delicate owl feathers, rich micro-details	text, watermark, logo, blurry, low contrast, low quality, distorted anatomy
focus_00703	a woodcut print of	castle silhouette, large simple shapes	textured phoenix feathers, fine edges	text, watermark, logo, blurry, low contrast, low quality, distorted anatomy
focus_00704	a woodcut print of	castle silhouette, large simple shapes	ultra-detailed rose petals, busy surface patterns	text, watermark, logo, blurry, low contrast, low quality, distorted anatomy
focus_00705	a woodcut print of	castle silhouette, large simple shapes	intricate sunflower petals, dense texture	text, watermark, logo, blurry, low contrast, low quality, distorted anatomy
focus_00706	a woodcut print of	castle silhouette, large simple shapes	filigreed ivy vines, ornamental detail	text, watermark, logo, blurry, low contrast, low quality, distorted anatomy
focus_00707	a woodcut print of	castle silhouette, large simple shapes	delicate wild mushrooms, busy surface patterns	text, watermark, logo, blurry, low contrast, low quality, distorted anatomy
focus_00708	a woodcut print of	castle silhouette, large simple shapes	intricate autumn leaves, rich micro-details	text, watermark, logo, blurry, low contrast, low quality, distorted anatomy
focus_00709	a woodcut print of	castle silhouette, large simple shapes	ornate coral branches, dense texture	text, watermark, logo, blurry, low contrast, low quality, distorted anatomy
focus_00710	a woodcut print of	castle silhouette, large simple shapes	filigreed stained glass fragments, fine edges	text, watermark, logo, blurry, low contrast, low quality, distorted anatomy
focus_00711	a woodcut print of	castle silhouette, large simple shapes	high-frequency mosaic tiles, rich micro-details	text, watermark, logo, blurry, low contrast, low quality, distorted anatomy
focus_00712	a woodcut print of	castle silhouette, large simple shapes	embroidered fabric, dense texture	text, watermark, logo, blurry, low contrast, low quality, distorted anatomy
focus_00713	a woodcut print of	castle silhouette, large simple shapes	ornate lace, fine edges	text, watermark, logo, blurry, low contrast, low quality, distorted anatomy
focus_00714	a woodcut print of	castle silhouette, large simple shapes	high-frequency folded origami layers, fine edges	text, watermark, logo, blurry, low contrast, low quality, distorted anatomy
focus_00715	a woodcut print of	castle silhouette, large simple shapes	ceramic shards, busy surface patterns	text, watermark, logo, blurry, low contrast, low quality, distorted anatomy
focus_00716	a woodcut print of	castle silhouette, large simple shapes	intricate watch gears, dense texture	text, watermark, logo, blurry, low contrast, low quality, distorted anatomy
focus_00717	a woodcut print of	castle silhouette, large simple shapes	ornate brass filigree, ornamental detail	text, watermark, logo, blurry, low contrast, low quality, distorted anatomy
focus_00718	a woodcut print of	castle silhouette, large simple shapes	high-frequency circuit traces, fine edges	text, watermark, logo, blurry, low contrast, low quality, distorted anatomy
focus_00719	a woodcut print of	castle silhouette, large simple shapes	mechanical engravings, rich micro-details	text, watermark, logo, blurry, low contrast, low quality, distorted anatomy
focus_00720	a woodcut print of	castle silhouette, large simple shapes	intricate snake scales, dense texture	text, watermark, logo, blurry, low contrast, low quality, distorted anatomy
focus_00721	a woodcut print of	castle silhouette, large simple shapes	frost crystals, fine edges	text, watermark, logo, blurry, low contrast, low quality, distorted anatomy
focus_00722	a woodcut print of	castle silhouette, large simple shapes	ornate smoke swirls, close-up view	text, watermark, logo, blurry, low contrast, low quality, distorted anatomy
focus_00723	a woodcut print of	castle silhouette, large simple shapes	gemstone facets, busy surface patterns	text, watermark, logo, blurry, low contrast, low quality, distorted anatomy
focus_00724	a woodcut print of	castle silhouette, large simple shapes	woven threads, dense texture	text, watermark, logo, blurry, low contrast, low quality, distorted anatomy
focus_00725	a woodcut print of	temple gate, frontal view	intricate eagle feathers, fine edges	text, watermark, logo, blurry, low contrast, low quality, distorted anatomy
focus_00726	a woodcut print of	temple gate, frontal view	high-frequency peacock plumage, dense texture	text, watermark, logo, blurry, low contrast, low quality, distorted anatomy
focus_00727	a woodcut print of	temple gate, frontal view	delicate owl feathers, rich micro-details	text, watermark, logo, blurry, low contrast, low quality, distorted anatomy
focus_00728	a woodcut print of	temple gate, frontal view	textured phoenix feathers, fine edges	text, watermark, logo, blurry, low contrast, low quality, distorted anatomy
focus_00729	a woodcut print of	temple gate, frontal view	ultra-detailed rose petals, busy surface patterns	text, watermark, logo, blurry, low contrast, low quality, distorted anatomy
focus_00730	a woodcut print of	temple gate, frontal view	intricate sunflower petals, dense texture	text, watermark, logo, blurry, low contrast, low quality, distorted anatomy
focus_00731	a woodcut print of	temple gate, frontal view	filigreed ivy vines, ornamental detail	text, watermark, logo, blurry, low contrast, low quality, distorted anatomy
focus_00732	a woodcut print of	temple gate, frontal view	delicate wild mushrooms, busy surface patterns	text, watermark, logo, blurry, low contrast, low quality, distorted anatomy
focus_00733	a woodcut print of	temple gate, frontal view	intricate autumn leaves, rich micro-details	text, watermark, logo, blurry, low contrast, low quality, distorted anatomy
focus_00734	a woodcut print of	temple gate, frontal view	ornate coral branches, dense texture	text, watermark, logo, blurry, low contrast, low quality, distorted anatomy
focus_00735	a woodcut print of	temple gate, frontal view	filigreed stained glass fragments, fine edges	text, watermark, logo, blurry, low contrast, low quality, distorted anatomy
focus_00736	a woodcut print of	temple gate, frontal view	high-frequency mosaic tiles, rich micro-details	text, watermark, logo, blurry, low contrast, low quality, distorted anatomy
focus_00737	a woodcut print of	temple gate, frontal view	embroidered fabric, dense texture	text, watermark, logo, blurry, low contrast, low quality, distorted anatomy
focus_00738	a woodcut print of	temple gate, frontal view	ornate lace, fine edges	text, watermark, logo, blurry, low contrast, low quality, distorted anatomy
focus_00739	a woodcut print of	temple gate, frontal view	high-frequency folded origami layers, fine edges	text, watermark, logo, blurry, low contrast, low quality, distorted anatomy
focus_00740	a woodcut print of	temple gate, frontal view	ceramic shards, busy surface patterns	text, watermark, logo, blurry, low contrast, low quality, distorted anatomy
focus_00741	a woodcut print of	temple gate, frontal view	intricate watch gears, dense texture	text, watermark, logo, blurry, low contrast, low quality, distorted anatomy
focus_00742	a woodcut print of	temple gate, frontal view	ornate brass filigree, ornamental detail	text, watermark, logo, blurry, low contrast, low quality, distorted anatomy
focus_00743	a woodcut print of	temple gate, frontal view	high-frequency circuit traces, fine edges	text, watermark, logo, blurry, low contrast, low quality, distorted anatomy
focus_00744	a woodcut print of	temple gate, frontal view	mechanical engravings, rich micro-details	text, watermark, logo, blurry, low contrast, low quality, distorted anatomy
focus_00745	a woodcut print of	temple gate, frontal view	intricate snake scales, dense texture	text, watermark, logo, blurry, low contrast, low quality, distorted anatomy
focus_00746	a woodcut print of	temple gate, frontal view	frost crystals, fine edges	text, watermark, logo, blurry, low contrast, low quality, distorted anatomy
focus_00747	a woodcut print of	temple gate, frontal view	ornate smoke swirls, close-up view	text, watermark, logo, blurry, low contrast, low quality, distorted anatomy
focus_00748	a woodcut print of	temple gate, frontal view	gemstone facets, busy surface patterns	text, watermark, logo, blurry, low contrast, low quality, distorted anatomy
focus_00749	a woodcut print of	temple gate, frontal view	woven threads, dense texture	text, watermark, logo, blurry, low contrast, low quality, distorted anatomy
focus_00750	a stained glass depiction of	centered owl face, bold silhouette	intricate eagle feathers, fine edges	text, watermark, logo, blurry, low contrast, low quality, distorted anatomy
focus_00751	a stained glass depiction of	centered owl face, bold silhouette	high-frequency peacock plumage, dense texture	text, watermark, logo, blurry, low contrast, low quality, distorted anatomy
focus_00752	a stained glass depiction of	centered owl face, bold silhouette	delicate owl feathers, rich micro-details	text, watermark, logo, blurry, low contrast, low quality, distorted anatomy
focus_00753	a stained glass depiction of	centered owl face, bold silhouette	textured phoenix feathers, fine edges	text, watermark, logo, blurry, low contrast, low quality, distorted anatomy
focus_00754	a stained glass depiction of	centered owl face, bold silhouette	ultra-detailed rose petals, busy surface patterns	text, watermark, logo, blurry, low contrast, low quality, distorted anatomy
focus_00755	a stained glass depiction of	centered owl face, bold silhouette	intricate sunflower petals, dense texture	text, watermark, logo, blurry, low contrast, low quality, distorted anatomy
focus_00756	a stained glass depiction of	centered owl face, bold silhouette	filigreed ivy vines, ornamental detail	text, watermark, logo, blurry, low contrast, low quality, distorted anatomy
focus_00757	a stained glass depiction of	centered owl face, bold silhouette	delicate wild mushrooms, busy surface patterns	text, watermark, logo, blurry, low contrast, low quality, distorted anatomy
focus_00758	a stained glass depiction of	centered owl face, bold silhouette	intricate autumn leaves, rich micro-details	text, watermark, logo, blurry, low contrast, low quality, distorted anatomy
focus_00759	a stained glass depiction of	centered owl face, bold silhouette	ornate coral branches, dense texture	text, watermark, logo, blurry, low contrast, low quality, distorted anatomy
focus_00760	a stained glass depiction of	centered owl face, bold silhouette	filigreed stained glass fragments, fine edges	text, watermark, logo, blurry, low contrast, low quality, distorted anatomy
focus_00761	a stained glass depiction of	centered owl face, bold silhouette	high-frequency mosaic tiles, rich micro-details	text, watermark, logo, blurry, low contrast, low quality, distorted anatomy
focus_00762	a stained glass depiction of	centered owl face, bold silhouette	embroidered fabric, dense texture	text, watermark, logo, blurry, low contrast, low quality, distorted anatomy
focus_00763	a stained glass depiction of	centered owl face, bold silhouette	ornate lace, fine edges	text, watermark, logo, blurry, low contrast, low quality, distorted anatomy
focus_00764	a stained glass depiction of	centered owl face, bold silhouette	high-frequency folded origami layers, fine edges	text, watermark, logo, blurry, low contrast, low quality, distorted anatomy
focus_00765	a stained glass depiction of	centered owl face, bold silhouette	ceramic shards, busy surface patterns	text, watermark, logo, blurry, low contrast, low quality, distorted anatomy
focus_00766	a stained glass depiction of	centered owl face, bold silhouette	intricate watch gears, dense texture	text, watermark, logo, blurry, low contrast, low quality, distorted anatomy
focus_00767	a stained glass depiction of	centered owl face, bold silhouette	ornate brass filigree, ornamental detail	text, watermark, logo, blurry, low contrast, low quality, distorted anatomy
focus_00768	a stained glass depiction of	centered owl face, bold silhouette	high-frequency circuit traces, fine edges	text, watermark, logo, blurry, low contrast, low quality, distorted anatomy
focus_00769	a stained glass depiction of	centered owl face, bold silhouette	mechanical engravings, rich micro-details	text, watermark, logo, blurry, low contrast, low quality, distorted anatomy
focus_00770	a stained glass depiction of	centered owl face, bold silhouette	intricate snake scales, dense texture	text, watermark, logo, blurry, low contrast, low quality, distorted anatomy
focus_00771	a stained glass depiction of	centered owl face, bold silhouette	frost crystals, fine edges	text, watermark, logo, blurry, low contrast, low quality, distorted anatomy
focus_00772	a stained glass depiction of	centered owl face, bold silhouette	ornate smoke swirls, close-up view	text, watermark, logo, blurry, low contrast, low quality, distorted anatomy
focus_00773	a stained glass depiction of	centered owl face, bold silhouette	gemstone facets, busy surface patterns	text, watermark, logo, blurry, low contrast, low quality, distorted anatomy
focus_00774	a stained glass depiction of	centered owl face, bold silhouette	woven threads, dense texture	text, watermark, logo, blurry, low contrast, low quality, distorted anatomy
focus_00775	a stained glass depiction of	iconic rabbit silhouette, large simple shapes	intricate eagle feathers, fine edges	text, watermark, logo, blurry, low contrast, low quality, distorted anatomy
focus_00776	a stained glass depiction of	iconic rabbit silhouette, large simple shapes	high-frequency peacock plumage, dense texture	text, watermark, logo, blurry, low contrast, low quality, distorted anatomy
focus_00777	a stained glass depiction of	iconic rabbit silhouette, large simple shapes	delicate owl feathers, rich micro-details	text, watermark, logo, blurry, low contrast, low quality, distorted anatomy
focus_00778	a stained glass depiction of	iconic rabbit silhouette, large simple shapes	textured phoenix feathers, fine edges	text, watermark, logo, blurry, low contrast, low quality, distorted anatomy
focus_00779	a stained glass depiction of	iconic rabbit silhouette, large simple shapes	ultra-detailed rose petals, busy surface patterns	text, watermark, logo, blurry, low contrast, low quality, distorted anatomy
focus_00780	a stained glass depiction of	iconic rabbit silhouette, large simple shapes	intricate sunflower petals, dense texture	text, watermark, logo, blurry, low contrast, low quality, distorted anatomy
focus_00781	a stained glass depiction of	iconic rabbit silhouette, large simple shapes	filigreed ivy vines, ornamental detail	text, watermark, logo, blurry, low contrast, low quality, distorted anatomy
focus_00782	a stained glass depiction of	iconic rabbit silhouette, large simple shapes	delicate wild mushrooms, busy surface patterns	text, watermark, logo, blurry, low contrast, low quality, distorted anatomy
focus_00783	a stained glass depiction of	iconic rabbit silhouette, large simple shapes	intricate autumn leaves, rich micro-details	text, watermark, logo, blurry, low contrast, low quality, distorted anatomy
focus_00784	a stained glass depiction of	iconic rabbit silhouette, large simple shapes	ornate coral branches, dense texture	text, watermark, logo, blurry, low contrast, low quality, distorted anatomy
focus_00785	a stained glass depiction of	iconic rabbit silhouette, large simple shapes	filigreed stained glass fragments, fine edges	text, watermark, logo, blurry, low contrast, low quality, distorted anatomy
focus_00786	a stained glass depiction of	iconic rabbit silhouette, large simple shapes	high-frequency mosaic tiles, rich micro-details	text, watermark, logo, blurry, low contrast, low quality, distorted anatomy
focus_00787	a stained glass depiction of	iconic rabbit silhouette, large simple shapes	embroidered fabric, dense texture	text, watermark, logo, blurry, low contrast, low quality, distorted anatomy
focus_00788	a stained glass depiction of	iconic rabbit silhouette, large simple shapes	ornate lace, fine edges	text, watermark, logo, blurry, low contrast, low quality, distorted anatomy
focus_00789	a stained glass depiction of	iconic rabbit silhouette, large simple shapes	high-frequency folded origami layers, fine edges	text, watermark, logo, blurry, low contrast, low quality, distorted anatomy
focus_00790	a stained glass depiction of	iconic rabbit silhouette, large simple shapes	ceramic shards, busy surface patterns	text, watermark, logo, blurry, low contrast, low quality, distorted anatomy
focus_00791	a stained glass depiction of	iconic rabbit silhouette, large simple shapes	intricate watch gears, dense texture	text, watermark, logo, blurry, low contrast, low quality, distorted anatomy
focus_00792	a stained glass depiction of	iconic rabbit silhouette, large simple shapes	ornate brass filigree, ornamental detail	text, watermark, logo, blurry, low contrast, low quality, distorted anatomy
focus_00793	a stained glass depiction of	iconic rabbit silhouette, large simple shapes	high-frequency circuit traces, fine edges	text, watermark, logo, blurry, low contrast, low quality, distorted anatomy
focus_00794	a stained glass depiction of	iconic rabbit silhouette, large simple shapes	mechanical engravings, rich micro-details	text, watermark, logo, blurry, low contrast, low quality, distorted anatomy
focus_00795	a stained glass depiction of	iconic rabbit silhouette, large simple shapes	intricate snake scales, dense texture	text, watermark, logo, blurry, low contrast, low quality, distorted anatomy
focus_00796	a stained glass depiction of	iconic rabbit silhouette, large simple shapes	frost crystals, fine edges	text, watermark, logo, blurry, low contrast, low quality, distorted anatomy
focus_00797	a stained glass depiction of	iconic rabbit silhouette, large simple shapes	ornate smoke swirls, close-up view	text, watermark, logo, blurry, low contrast, low quality, distorted anatomy
focus_00798	a stained glass depiction of	iconic rabbit silhouette, large simple shapes	gemstone facets, busy surface patterns	text, watermark, logo, blurry, low contrast, low quality, distorted anatomy
focus_00799	a stained glass depiction of	iconic rabbit silhouette, large simple shapes	woven threads, dense texture	text, watermark, logo, blurry, low contrast, low quality, distorted anatomy
focus_00800	a stained glass depiction of	poster-like serene monk face, symmetrical layout	intricate eagle feathers, fine edges	text, watermark, logo, blurry, low contrast, low quality, distorted anatomy
focus_00801	a stained glass depiction of	poster-like serene monk face, symmetrical layout	high-frequency peacock plumage, dense texture	text, watermark, logo, blurry, low contrast, low quality, distorted anatomy
focus_00802	a stained glass depiction of	poster-like serene monk face, symmetrical layout	delicate owl feathers, rich micro-details	text, watermark, logo, blurry, low contrast, low quality, distorted anatomy
focus_00803	a stained glass depiction of	poster-like serene monk face, symmetrical layout	textured phoenix feathers, fine edges	text, watermark, logo, blurry, low contrast, low quality, distorted anatomy
focus_00804	a stained glass depiction of	poster-like serene monk face, symmetrical layout	ultra-detailed rose petals, busy surface patterns	text, watermark, logo, blurry, low contrast, low quality, distorted anatomy
focus_00805	a stained glass depiction of	poster-like serene monk face, symmetrical layout	intricate sunflower petals, dense texture	text, watermark, logo, blurry, low contrast, low quality, distorted anatomy
focus_00806	a stained glass depiction of	poster-like serene monk face, symmetrical layout	filigreed ivy vines, ornamental detail	text, watermark, logo, blurry, low contrast, low quality, distorted anatomy
focus_00807	a stained glass depiction of	poster-like serene monk face, symmetrical layout	delicate wild mushrooms, busy surface patterns	text, watermark, logo, blurry, low contrast, low quality, distorted anatomy
focus_00808	a stained glass depiction of	poster-like serene monk face, symmetrical layout	intricate autumn leaves, rich micro-details	text, watermark, logo, blurry, low contrast, low quality, distorted anatomy
focus_00809	a stained glass depiction of	poster-like serene monk face, symmetrical layout	ornate coral branches, dense texture	text, watermark, logo, blurry, low contrast, low quality, distorted anatomy
focus_00810	a stained glass depiction of	poster-like serene monk face, symmetrical layout	filigreed stained glass fragments, fine edges	text, watermark, logo, blurry, low contrast, low quality, distorted anatomy
focus_00811	a stained glass depiction of	poster-like serene monk face, symmetrical layout	high-frequency mosaic tiles, rich micro-details	text, watermark, logo, blurry, low contrast, low quality, distorted anatomy
focus_00812	a stained glass depiction of	poster-like serene monk face, symmetrical layout	embroidered fabric, dense texture	text, watermark, logo, blurry, low contrast, low quality, distorted anatomy
focus_00813	a stained glass depiction of	poster-like serene monk face, symmetrical layout	ornate lace, fine edges	text, watermark, logo, blurry, low contrast, low quality, distorted anatomy
focus_00814	a stained glass depiction of	poster-like serene monk face, symmetrical layout	high-frequency folded origami layers, fine edges	text, watermark, logo, blurry, low contrast, low quality, distorted anatomy
focus_00815	a stained glass depiction of	poster-like serene monk face, symmetrical layout	ceramic shards, busy surface patterns	text, watermark, logo, blurry, low contrast, low quality, distorted anatomy
focus_00816	a stained glass depiction of	poster-like serene monk face, symmetrical layout	intricate watch gears, dense texture	text, watermark, logo, blurry, low contrast, low quality, distorted anatomy
focus_00817	a stained glass depiction of	poster-like serene monk face, symmetrical layout	ornate brass filigree, ornamental detail	text, watermark, logo, blurry, low contrast, low quality, distorted anatomy
focus_00818	a stained glass depiction of	poster-like serene monk face, symmetrical layout	high-frequency circuit traces, fine edges	text, watermark, logo, blurry, low contrast, low quality, distorted anatomy
focus_00819	a stained glass depiction of	poster-like serene monk face, symmetrical layout	mechanical engravings, rich micro-details	text, watermark, logo, blurry, low contrast, low quality, distorted anatomy
focus_00820	a stained glass depiction of	poster-like serene monk face, symmetrical layout	intricate snake scales, dense texture	text, watermark, logo, blurry, low contrast, low quality, distorted anatomy
focus_00821	a stained glass depiction of	poster-like serene monk face, symmetrical layout	frost crystals, fine edges	text, watermark, logo, blurry, low contrast, low quality, distorted anatomy
focus_00822	a stained glass depiction of	poster-like serene monk face, symmetrical layout	ornate smoke swirls, close-up view	text, watermark, logo, blurry, low contrast, low quality, distorted anatomy
focus_00823	a stained glass depiction of	poster-like serene monk face, symmetrical layout	gemstone facets, busy surface patterns	text, watermark, logo, blurry, low contrast, low quality, distorted anatomy
focus_00824	a stained glass depiction of	poster-like serene monk face, symmetrical layout	woven threads, dense texture	text, watermark, logo, blurry, low contrast, low quality, distorted anatomy
focus_00825	a stained glass depiction of	monumental lighthouse, centered composition	intricate eagle feathers, fine edges	text, watermark, logo, blurry, low contrast, low quality, distorted anatomy
focus_00826	a stained glass depiction of	monumental lighthouse, centered composition	high-frequency peacock plumage, dense texture	text, watermark, logo, blurry, low contrast, low quality, distorted anatomy
focus_00827	a stained glass depiction of	monumental lighthouse, centered composition	delicate owl feathers, rich micro-details	text, watermark, logo, blurry, low contrast, low quality, distorted anatomy
focus_00828	a stained glass depiction of	monumental lighthouse, centered composition	textured phoenix feathers, fine edges	text, watermark, logo, blurry, low contrast, low quality, distorted anatomy
focus_00829	a stained glass depiction of	monumental lighthouse, centered composition	ultra-detailed rose petals, busy surface patterns	text, watermark, logo, blurry, low contrast, low quality, distorted anatomy
focus_00830	a stained glass depiction of	monumental lighthouse, centered composition	intricate sunflower petals, dense texture	text, watermark, logo, blurry, low contrast, low quality, distorted anatomy
focus_00831	a stained glass depiction of	monumental lighthouse, centered composition	filigreed ivy vines, ornamental detail	text, watermark, logo, blurry, low contrast, low quality, distorted anatomy
focus_00832	a stained glass depiction of	monumental lighthouse, centered composition	delicate wild mushrooms, busy surface patterns	text, watermark, logo, blurry, low contrast, low quality, distorted anatomy
focus_00833	a stained glass depiction of	monumental lighthouse, centered composition	intricate autumn leaves, rich micro-details	text, watermark, logo, blurry, low contrast, low quality, distorted anatomy
focus_00834	a stained glass depiction of	monumental lighthouse, centered composition	ornate coral branches, dense texture	text, watermark, logo, blurry, low contrast, low quality, distorted anatomy
focus_00835	a stained glass depiction of	monumental lighthouse, centered composition	filigreed stained glass fragments, fine edges	text, watermark, logo, blurry, low contrast, low quality, distorted anatomy
focus_00836	a stained glass depiction of	monumental lighthouse, centered composition	high-frequency mosaic tiles, rich micro-details	text, watermark, logo, blurry, low contrast, low quality, distorted anatomy
focus_00837	a stained glass depiction of	monumental lighthouse, centered composition	embroidered fabric, dense texture	text, watermark, logo, blurry, low contrast, low quality, distorted anatomy
focus_00838	a stained glass depiction of	monumental lighthouse, centered composition	ornate lace, fine edges	text, watermark, logo, blurry, low contrast, low quality, distorted anatomy
focus_00839	a stained glass depiction of	monumental lighthouse, centered composition	high-frequency folded origami layers, fine edges	text, watermark, logo, blurry, low contrast, low quality, distorted anatomy
focus_00840	a stained glass depiction of	monumental lighthouse, centered composition	ceramic shards, busy surface patterns	text, watermark, logo, blurry, low contrast, low quality, distorted anatomy
focus_00841	a stained glass depiction of	monumental lighthouse, centered composition	intricate watch gears, dense texture	text, watermark, logo, blurry, low contrast, low quality, distorted anatomy
focus_00842	a stained glass depiction of	monumental lighthouse, centered composition	ornate brass filigree, ornamental detail	text, watermark, logo, blurry, low contrast, low quality, distorted anatomy
focus_00843	a stained glass depiction of	monumental lighthouse, centered composition	high-frequency circuit traces, fine edges	text, watermark, logo, blurry, low contrast, low quality, distorted anatomy
focus_00844	a stained glass depiction of	monumental lighthouse, centered composition	mechanical engravings, rich micro-details	text, watermark, logo, blurry, low contrast, low quality, distorted anatomy
focus_00845	a stained glass depiction of	monumental lighthouse, centered composition	intricate snake scales, dense texture	text, watermark, logo, blurry, low contrast, low quality, distorted anatomy
focus_00846	a stained glass depiction of	monumental lighthouse, centered composition	frost crystals, fine edges	text, watermark, logo, blurry, low contrast, low quality, distorted anatomy
focus_00847	a stained glass depiction of	monumental lighthouse, centered composition	ornate smoke swirls, close-up view	text, watermark, logo, blurry, low contrast, low quality, distorted anatomy
focus_00848	a stained glass depiction of	monumental lighthouse, centered composition	gemstone facets, busy surface patterns	text, watermark, logo, blurry, low contrast, low quality, distorted anatomy
focus_00849	a stained glass depiction of	monumental lighthouse, centered composition	woven threads, dense texture	text, watermark, logo, blurry, low contrast, low quality, distorted anatomy
focus_00850	a stained glass depiction of	high-contrast butterfly, symmetrical layout	intricate eagle feathers, fine edges	text, watermark, logo, blurry, low contrast, low quality, distorted anatomy
focus_00851	a stained glass depiction of	high-contrast butterfly, symmetrical layout	high-frequency peacock plumage, dense texture	text, watermark, logo, blurry, low contrast, low quality, distorted anatomy
focus_00852	a stained glass depiction of	high-contrast butterfly, symmetrical layout	delicate owl feathers, rich micro-details	text, watermark, logo, blurry, low contrast, low quality, distorted anatomy
focus_00853	a stained glass depiction of	high-contrast butterfly, symmetrical layout	textured phoenix feathers, fine edges	text, watermark, logo, blurry, low contrast, low quality, distorted anatomy
focus_00854	a stained glass depiction of	high-contrast butterfly, symmetrical layout	ultra-detailed rose petals, busy surface patterns	text, watermark, logo, blurry, low contrast, low quality, distorted anatomy
focus_00855	a stained glass depiction of	high-contrast butterfly, symmetrical layout	intricate sunflower petals, dense texture	text, watermark, logo, blurry, low contrast, low quality, distorted anatomy
focus_00856	a stained glass depiction of	high-contrast butterfly, symmetrical layout	filigreed ivy vines, ornamental detail	text, watermark, logo, blurry, low contrast, low quality, distorted anatomy
focus_00857	a stained glass depiction of	high-contrast butterfly, symmetrical layout	delicate wild mushrooms, busy surface patterns	text, watermark, logo, blurry, low contrast, low quality, distorted anatomy
focus_00858	a stained glass depiction of	high-contrast butterfly, symmetrical layout	intricate autumn leaves, rich micro-details	text, watermark, logo, blurry, low contrast, low quality, distorted anatomy
focus_00859	a stained glass depiction of	high-contrast butterfly, symmetrical layout	ornate coral branches, dense texture	text, watermark, logo, blurry, low contrast, low quality, distorted anatomy
focus_00860	a stained glass depiction of	high-contrast butterfly, symmetrical layout	filigreed stained glass fragments, fine edges	text, watermark, logo, blurry, low contrast, low quality, distorted anatomy
focus_00861	a stained glass depiction of	high-contrast butterfly, symmetrical layout	high-frequency mosaic tiles, rich micro-details	text, watermark, logo, blurry, low contrast, low quality, distorted anatomy
focus_00862	a stained glass depiction of	high-contrast butterfly, symmetrical layout	embroidered fabric, dense texture	text, watermark, logo, blurry, low contrast, low quality, distorted anatomy
focus_00863	a stained glass depiction of	high-contrast butterfly, symmetrical layout	ornate lace, fine edges	text, watermark, logo, blurry, low contrast, low quality, distorted anatomy
focus_00864	a stained glass depiction of	high-contrast butterfly, symmetrical layout	high-frequency folded origami layers, fine edges	text, watermark, logo, blurry, low contrast, low quality, distorted anatomy
focus_00865	a stained glass depiction of	high-contrast butterfly, symmetrical layout	ceramic shards, busy surface patterns	text, watermark, logo, blurry, low contrast, low quality, distorted anatomy
focus_00866	a stained glass depiction of	high-contrast butterfly, symmetrical layout	intricate watch gears, dense texture	text, watermark, logo, blurry, low contrast, low quality, distorted anatomy
focus_00867	a stained glass depiction of	high-contrast butterfly, symmetrical layout	ornate brass filigree, ornamental detail	text, watermark, logo, blurry, low contrast, low quality, distorted anatomy
focus_00868	a stained glass depiction of	high-contrast butterfly, symmetrical layout	high-frequency circuit traces, fine edges	text, watermark, logo, blurry, low contrast, low quality, distorted anatomy
focus_00869	a stained glass depiction of	high-contrast butterfly, symmetrical layout	mechanical engravings, rich micro-details	text, watermark, logo, blurry, low contrast, low quality, distorted anatomy
focus_00870	a stained glass depiction of	high-contrast butterfly, symmetrical layout	intricate snake scales, dense texture	text, watermark, logo, blurry, low contrast, low quality, distorted anatomy
focus_00871	a stained glass depiction of	high-contrast butterfly, symmetrical layout	frost crystals, fine edges	text, watermark, logo, blurry, low contrast, low quality, distorted anatomy
focus_00872	a stained glass depiction of	high-contrast butterfly, symmetrical layout	ornate smoke swirls, close-up view	text, watermark, logo, blurry, low contrast, low quality, distorted anatomy
focus_00873	a stained glass depiction of	high-contrast butterfly, symmetrical layout	gemstone facets, busy surface patterns	text, watermark, logo, blurry, low contrast, low quality, distorted anatomy
focus_00874	a stained glass depiction of	high-contrast butterfly, symmetrical layout	woven threads, dense texture	text, watermark, logo, blurry, low contrast, low quality, distorted anatomy
focus_00875	a stained glass depiction of	simple crescent moon, clean background	intricate eagle feathers, fine edges	text, watermark, logo, blurry, low contrast, low quality, distorted anatomy
focus_00876	a stained glass depiction of	simple crescent moon, clean background	high-frequency peacock plumage, dense texture	text, watermark, logo, blurry, low contrast, low quality, distorted anatomy
focus_00877	a stained glass depiction of	simple crescent moon, clean background	delicate owl feathers, rich micro-details	text, watermark, logo, blurry, low contrast, low quality, distorted anatomy
focus_00878	a stained glass depiction of	simple crescent moon, clean background	textured phoenix feathers, fine edges	text, watermark, logo, blurry, low contrast, low quality, distorted anatomy
focus_00879	a stained glass depiction of	simple crescent moon, clean background	ultra-detailed rose petals, busy surface patterns	text, watermark, logo, blurry, low contrast, low quality, distorted anatomy
focus_00880	a stained glass depiction of	simple crescent moon, clean background	intricate sunflower petals, dense texture	text, watermark, logo, blurry, low contrast, low quality, distorted anatomy
focus_00881	a stained glass depiction of	simple crescent moon, clean background	filigreed ivy vines, ornamental detail	text, watermark, logo, blurry, low contrast, low quality, distorted anatomy
focus_00882	a stained glass depiction of	simple crescent moon, clean background	delicate wild mushrooms, busy surface patterns	text, watermark, logo, blurry, low contrast, low quality, distorted anatomy
focus_00883	a stained glass depiction of	simple crescent moon, clean background	intricate autumn leaves, rich micro-details	text, watermark, logo, blurry, low contrast, low quality, distorted anatomy
focus_00884	a stained glass depiction of	simple crescent moon, clean background	ornate coral branches, dense texture	text, watermark, logo, blurry, low contrast, low quality, distorted anatomy
focus_00885	a stained glass depiction of	simple crescent moon, clean background	filigreed stained glass fragments, fine edges	text, watermark, logo, blurry, low contrast, low quality, distorted anatomy
focus_00886	a stained glass depiction of	simple crescent moon, clean background	high-frequency mosaic tiles, rich micro-details	text, watermark, logo, blurry, low contrast, low quality, distorted anatomy
focus_00887	a stained glass depiction of	simple crescent moon, clean background	embroidered fabric, dense texture	text, watermark, logo, blurry, low contrast, low quality, distorted anatomy
focus_00888	a stained glass depiction of	simple crescent moon, clean background	ornate lace, fine edges	text, watermark, logo, blurry, low contrast, low quality, distorted anatomy
focus_00889	a stained glass depiction of	simple crescent moon, clean background	high-frequency folded origami layers, fine edges	text, watermark, logo, blurry, low contrast, low quality, distorted anatomy
focus_00890	a stained glass depiction of	simple crescent moon, clean background	ceramic shards, busy surface patterns	text, watermark, logo, blurry, low contrast, low quality, distorted anatomy
focus_00891	a stained glass depiction of	simple crescent moon, clean background	intricate watch gears, dense texture	text, watermark, logo, blurry, low contrast, low quality, distorted anatomy
focus_00892	a stained glass depiction of	simple crescent moon, clean background	ornate brass filigree, ornamental detail	text, watermark, logo, blurry, low contrast, low quality, distorted anatomy
focus_00893	a stained glass depiction of	simple crescent moon, clean background	high-frequency circuit traces, fine edges	text, watermark, logo, blurry, low contrast, low quality, distorted anatomy
focus_00894	a stained glass depiction of	simple crescent moon, clean background	mechanical engravings, rich micro-details	text, watermark, logo, blurry, low contrast, low quality, distorted anatomy
focus_00895	a stained glass depiction of	simple crescent moon, clean background	intricate snake scales, dense texture	text, watermark, logo, blurry, low contrast, low quality, distorted anatomy
focus_00896	a stained glass depiction of	simple crescent moon, clean background	frost crystals, fine edges	text, watermark, logo, blurry, low contrast, low quality, distorted anatomy
focus_00897	a stained glass depiction of	simple crescent moon, clean background	ornate smoke swirls, close-up view	text, watermark, logo, blurry, low contrast, low quality, distorted anatomy
focus_00898	a stained glass depiction of	simple crescent moon, clean background	gemstone facets, busy surface patterns	text, watermark, logo, blurry, low contrast, low quality, distorted anatomy
focus_00899	a stained glass depiction of	simple crescent moon, clean background	woven threads, dense texture	text, watermark, logo, blurry, low contrast, low quality, distorted anatomy
focus_00900	a stained glass depiction of	iconic violin, centered composition	intricate eagle feathers, fine edges	text, watermark, logo, blurry, low contrast, low quality, distorted anatomy
focus_00901	a stained glass depiction of	iconic violin, centered composition	high-frequency peacock plumage, dense texture	text, watermark, logo, blurry, low contrast, low quality, distorted anatomy
focus_00902	a stained glass depiction of	iconic violin, centered composition	delicate owl feathers, rich micro-details	text, watermark, logo, blurry, low contrast, low quality, distorted anatomy
focus_00903	a stained glass depiction of	iconic violin, centered composition	textured phoenix feathers, fine edges	text, watermark, logo, blurry, low contrast, low quality, distorted anatomy
focus_00904	a stained glass depiction of	iconic violin, centered composition	ultra-detailed rose petals, busy surface patterns	text, watermark, logo, blurry, low contrast, low quality, distorted anatomy
focus_00905	a stained glass depiction of	iconic violin, centered composition	intricate sunflower petals, dense texture	text, watermark, logo, blurry, low contrast, low quality, distorted anatomy
focus_00906	a stained glass depiction of	iconic violin, centered composition	filigreed ivy vines, ornamental detail	text, watermark, logo, blurry, low contrast, low quality, distorted anatomy
focus_00907	a stained glass depiction of	iconic violin, centered composition	delicate wild mushrooms, busy surface patterns	text, watermark, logo, blurry, low contrast, low quality, distorted anatomy
focus_00908	a stained glass depiction of	iconic violin, centered composition	intricate autumn leaves, rich micro-details	text, watermark, logo, blurry, low contrast, low quality, distorted anatomy
focus_00909	a stained glass depiction of	iconic violin, centered composition	ornate coral branches, dense texture	text, watermark, logo, blurry, low contrast, low quality, distorted anatomy
focus_00910	a stained glass depiction of	iconic violin, centered composition	filigreed stained glass fragments, fine edges	text, watermark, logo, blurry, low contrast, low quality, distorted anatomy
focus_00911	a stained glass depiction of	iconic violin, centered composition	high-frequency mosaic tiles, rich micro-details	text, watermark, logo, blurry, low contrast, low quality, distorted anatomy
focus_00912	a stained glass depiction of	iconic violin, centered composition	embroidered fabric, dense texture	text, watermark, logo, blurry, low contrast, low quality, distorted anatomy
focus_00913	a stained glass depiction of	iconic violin, centered composition	ornate lace, fine edges	text, watermark, logo, blurry, low contrast, low quality, distorted anatomy
focus_00914	a stained glass depiction of	iconic violin, centered composition	high-frequency folded origami layers, fine edges	text, watermark, logo, blurry, low contrast, low quality, distorted anatomy
focus_00915	a stained glass depiction of	iconic violin, centered composition	ceramic shards, busy surface patterns	text, watermark, logo, blurry, low contrast, low quality, distorted anatomy
focus_00916	a stained glass depiction of	iconic violin, centered composition	intricate watch gears, dense texture	text, watermark, logo, blurry, low contrast, low quality, distorted anatomy
focus_00917	a stained glass depiction of	iconic violin, centered composition	ornate brass filigree, ornamental detail	text, watermark, logo, blurry, low contrast, low quality, distorted anatomy
focus_00918	a stained glass depiction of	iconic violin, centered composition	high-frequency circuit traces, fine edges	text, watermark, logo, blurry, low contrast, low quality, distorted anatomy
focus_00919	a stained glass depiction of	iconic violin, centered composition	mechanical engravings, rich micro-details	text, watermark, logo, blurry, low contrast, low quality, distorted anatomy
focus_00920	a stained glass depiction of	iconic violin, centered composition	intricate snake scales, dense texture	text, watermark, logo, blurry, low contrast, low quality, distorted anatomy
focus_00921	a stained glass depiction of	iconic violin, centered composition	frost crystals, fine edges	text, watermark, logo, blurry, low contrast, low quality, distorted anatomy
focus_00922	a stained glass depiction of	iconic violin, centered composition	ornate smoke swirls, close-up view	text, watermark, logo, blurry, low contrast, low quality, distorted anatomy
focus_00923	a stained glass depiction of	iconic violin, centered composition	gemstone facets, busy surface patterns	text, watermark, logo, blurry, low contrast, low quality, distorted anatomy
focus_00924	a stained glass depiction of	iconic violin, centered composition	woven threads, dense texture	text, watermark, logo, blurry, low contrast, low quality, distorted anatomy
focus_00925	a stained glass depiction of	bold chess king, frontal view	intricate eagle feathers, fine edges	text, watermark, logo, blurry, low contrast, low quality, distorted anatomy
focus_00926	a stained glass depiction of	bold chess king, frontal view	high-frequency peacock plumage, dense texture	text, watermark, logo, blurry, low contrast, low quality, distorted anatomy
focus_00927	a stained glass depiction of	bold chess king, frontal view	delicate owl feathers, rich micro-details	text, watermark, logo, blurry, low contrast, low quality, distorted anatomy
focus_00928	a stained glass depiction of	bold chess king, frontal view	textured phoenix feathers, fine edges	text, watermark, logo, blurry, low contrast, low quality, distorted anatomy
focus_00929	a stained glass depiction of	bold chess king, frontal view	ultra-detailed rose petals, busy surface patterns	text, watermark, logo, blurry, low contrast, low quality, distorted anatomy
focus_00930	a stained glass depiction of	bold chess king, frontal view	intricate sunflower petals, dense texture	text, watermark, logo, blurry, low contrast, low quality, distorted anatomy
focus_00931	a stained glass depiction of	bold chess king, frontal view	filigreed ivy vines, ornamental detail	text, watermark, logo, blurry, low contrast, low quality, distorted anatomy
focus_00932	a stained glass depiction of	bold chess king, frontal view	delicate wild mushrooms, busy surface patterns	text, watermark, logo, blurry, low contrast, low quality, distorted anatomy
focus_00933	a stained glass depiction of	bold chess king, frontal view	intricate autumn leaves, rich micro-details	text, watermark, logo, blurry, low contrast, low quality, distorted anatomy
focus_00934	a stained glass depiction of	bold chess king, frontal view	ornate coral branches, dense texture	text, watermark, logo, blurry, low contrast, low quality, distorted anatomy
focus_00935	a stained glass depiction of	bold chess king, frontal view	filigreed stained glass fragments, fine edges	text, watermark, logo, blurry, low contrast, low quality, distorted anatomy
focus_00936	a stained glass depiction of	bold chess king, frontal view	high-frequency mosaic tiles, rich micro-details	text, watermark, logo, blurry, low contrast, low quality, distorted anatomy
focus_00937	a stained glass depiction of	bold chess king, frontal view	embroidered fabric, dense texture	text, watermark, logo, blurry, low contrast, low quality, distorted anatomy
focus_00938	a stained glass depiction of	bold chess king, frontal view	ornate lace, fine edges	text, watermark, logo, blurry, low contrast, low quality, distorted anatomy
focus_00939	a stained glass depiction of	bold chess king, frontal view	high-frequency folded origami layers, fine edges	text, watermark, logo, blurry, low contrast, low quality, distorted anatomy
focus_00940	a stained glass depiction of	bold chess king, frontal view	ceramic shards, busy surface patterns	text, watermark, logo, blurry, low contrast, low quality, distorted anatomy
focus_00941	a stained glass depiction of	bold chess king, frontal view	intricate watch gears, dense texture	text, watermark, logo, blurry, low contrast, low quality, distorted anatomy
focus_00942	a stained glass depiction of	bold chess king, frontal view	ornate brass filigree, ornamental detail	text, watermark, logo, blurry, low contrast, low quality, distorted anatomy
focus_00943	a stained glass depiction of	bold chess king, frontal view	high-frequency circuit traces, fine edges	text, watermark, logo, blurry, low contrast, low quality, distorted anatomy
focus_00944	a stained glass depiction of	bold chess king, frontal view	mechanical engravings, rich micro-details	text, watermark, logo, blurry, low contrast, low quality, distorted anatomy
focus_00945	a stained glass depiction of	bold chess king, frontal view	intricate snake scales, dense texture	text, watermark, logo, blurry, low contrast, low quality, distorted anatomy
focus_00946	a stained glass depiction of	bold chess king, frontal view	frost crystals, fine edges	text, watermark, logo, blurry, low contrast, low quality, distorted anatomy
focus_00947	a stained glass depiction of	bold chess king, frontal view	ornate smoke swirls, close-up view	text, watermark, logo, blurry, low contrast, low quality, distorted anatomy
focus_00948	a stained glass depiction of	bold chess king, frontal view	gemstone facets, busy surface patterns	text, watermark, logo, blurry, low contrast, low quality, distorted anatomy
focus_00949	a stained glass depiction of	bold chess king, frontal view	woven threads, dense texture	text, watermark, logo, blurry, low contrast, low quality, distorted anatomy
focus_00950	a stained glass depiction of	castle silhouette, large simple shapes	intricate eagle feathers, fine edges	text, watermark, logo, blurry, low contrast, low quality, distorted anatomy
focus_00951	a stained glass depiction of	castle silhouette, large simple shapes	high-frequency peacock plumage, dense texture	text, watermark, logo, blurry, low contrast, low quality, distorted anatomy
focus_00952	a stained glass depiction of	castle silhouette, large simple shapes	delicate owl feathers, rich micro-details	text, watermark, logo, blurry, low contrast, low quality, distorted anatomy
focus_00953	a stained glass depiction of	castle silhouette, large simple shapes	textured phoenix feathers, fine edges	text, watermark, logo, blurry, low contrast, low quality, distorted anatomy
focus_00954	a stained glass depiction of	castle silhouette, large simple shapes	ultra-detailed rose petals, busy surface patterns	text, watermark, logo, blurry, low contrast, low quality, distorted anatomy
focus_00955	a stained glass depiction of	castle silhouette, large simple shapes	intricate sunflower petals, dense texture	text, watermark, logo, blurry, low contrast, low quality, distorted anatomy
focus_00956	a stained glass depiction of	castle silhouette, large simple shapes	filigreed ivy vines, ornamental detail	text, watermark, logo, blurry, low contrast, low quality, distorted anatomy
focus_00957	a stained glass depiction of	castle silhouette, large simple shapes	delicate wild mushrooms, busy surface patterns	text, watermark, logo, blurry, low contrast, low quality, distorted anatomy
focus_00958	a stained glass depiction of	castle silhouette, large simple shapes	intricate autumn leaves, rich micro-details	text, watermark, logo, blurry, low contrast, low quality, distorted anatomy
focus_00959	a stained glass depiction of	castle silhouette, large simple shapes	ornate coral branches, dense texture	text, watermark, logo, blurry, low contrast, low quality, distorted anatomy
focus_00960	a stained glass depiction of	castle silhouette, large simple shapes	filigreed stained glass fragments, fine edges	text, watermark, logo, blurry, low contrast, low quality, distorted anatomy
focus_00961	a stained glass depiction of	castle silhouette, large simple shapes	high-frequency mosaic tiles, rich micro-details	text, watermark, logo, blurry, low contrast, low quality, distorted anatomy
focus_00962	a stained glass depiction of	castle silhouette, large simple shapes	embroidered fabric, dense texture	text, watermark, logo, blurry, low contrast, low quality, distorted anatomy
focus_00963	a stained glass depiction of	castle silhouette, large simple shapes	ornate lace, fine edges	text, watermark, logo, blurry, low contrast, low quality, distorted anatomy
focus_00964	a stained glass depiction of	castle silhouette, large simple shapes	high-frequency folded origami layers, fine edges	text, watermark, logo, blurry, low contrast, low quality, distorted anatomy
focus_00965	a stained glass depiction of	castle silhouette, large simple shapes	ceramic shards, busy surface patterns	text, watermark, logo, blurry, low contrast, low quality, distorted anatomy
focus_00966	a stained glass depiction of	castle silhouette, large simple shapes	intricate watch gears, dense texture	text, watermark, logo, blurry, low contrast, low quality, distorted anatomy
focus_00967	a stained glass depiction of	castle silhouette, large simple shapes	ornate brass filigree, ornamental detail	text, watermark, logo, blurry, low contrast, low quality, distorted anatomy
focus_00968	a stained glass depiction of	castle silhouette, large simple shapes	high-frequency circuit traces, fine edges	text, watermark, logo, blurry, low contrast, low quality, distorted anatomy
focus_00969	a stained glass depiction of	castle silhouette, large simple shapes	mechanical engravings, rich micro-details	text, watermark, logo, blurry, low contrast, low quality, distorted anatomy
focus_00970	a stained glass depiction of	castle silhouette, large simple shapes	intricate snake scales, dense texture	text, watermark, logo, blurry, low contrast, low quality, distorted anatomy
focus_00971	a stained glass depiction of	castle silhouette, large simple shapes	frost crystals, fine edges	text, watermark, logo, blurry, low contrast, low quality, distorted anatomy
focus_00972	a stained glass depiction of	castle silhouette, large simple shapes	ornate smoke swirls, close-up view	text, watermark, logo, blurry, low contrast, low quality, distorted anatomy
focus_00973	a stained glass depiction of	castle silhouette, large simple shapes	gemstone facets, busy surface patterns	text, watermark, logo, blurry, low contrast, low quality, distorted anatomy
focus_00974	a stained glass depiction of	castle silhouette, large simple shapes	woven threads, dense texture	text, watermark, logo, blurry, low contrast, low quality, distorted anatomy
focus_00975	a stained glass depiction of	temple gate, frontal view	intricate eagle feathers, fine edges	text, watermark, logo, blurry, low contrast, low quality, distorted anatomy
focus_00976	a stained glass depiction of	temple gate, frontal view	high-frequency peacock plumage, dense texture	text, watermark, logo, blurry, low contrast, low quality, distorted anatomy
focus_00977	a stained glass depiction of	temple gate, frontal view	delicate owl feathers, rich micro-details	text, watermark, logo, blurry, low contrast, low quality, distorted anatomy
focus_00978	a stained glass depiction of	temple gate, frontal view	textured phoenix feathers, fine edges	text, watermark, logo, blurry, low contrast, low quality, distorted anatomy
focus_00979	a stained glass depiction of	temple gate, frontal view	ultra-detailed rose petals, busy surface patterns	text, watermark, logo, blurry, low contrast, low quality, distorted anatomy
focus_00980	a stained glass depiction of	temple gate, frontal view	intricate sunflower petals, dense texture	text, watermark, logo, blurry, low contrast, low quality, distorted anatomy
focus_00981	a stained glass depiction of	temple gate, frontal view	filigreed ivy vines, ornamental detail	text, watermark, logo, blurry, low contrast, low quality, distorted anatomy
focus_00982	a stained glass depiction of	temple gate, frontal view	delicate wild mushrooms, busy surface patterns	text, watermark, logo, blurry, low contrast, low quality, distorted anatomy
focus_00983	a stained glass depiction of	temple gate, frontal view	intricate autumn leaves, rich micro-details	text, watermark, logo, blurry, low contrast, low quality, distorted anatomy
focus_00984	a stained glass depiction of	temple gate, frontal view	ornate coral branches, dense texture	text, watermark, logo, blurry, low contrast, low quality, distorted anatomy
focus_00985	a stained glass depiction of	temple gate, frontal view	filigreed stained glass fragments, fine edges	text, watermark, logo, blurry, low contrast, low quality, distorted anatomy
focus_00986	a stained glass depiction of	temple gate, frontal view	high-frequency mosaic tiles, rich micro-details	text, watermark, logo, blurry, low contrast, low quality, distorted anatomy
focus_00987	a stained glass depiction of	temple gate, frontal view	embroidered fabric, dense texture	text, watermark, logo, blurry, low contrast, low quality, distorted anatomy
focus_00988	a stained glass depiction of	temple gate, frontal view	ornate lace, fine edges	text, watermark, logo, blurry, low contrast, low quality, distorted anatomy
focus_00989	a stained glass depiction of	temple gate, frontal view	high-frequency folded origami layers, fine edges	text, watermark, logo, blurry, low contrast, low quality, distorted anatomy
focus_00990	a stained glass depiction of	temple gate, frontal view	ceramic shards, busy surface patterns	text, watermark, logo, blurry, low contrast, low quality, distorted anatomy
focus_00991	a stained glass depiction of	temple gate, frontal view	intricate watch gears, dense texture	text, watermark, logo, blurry, low contrast, low quality, distorted anatomy
focus_00992	a stained glass depiction of	temple gate, frontal view	ornate brass filigree, ornamental detail	text, watermark, logo, blurry, low contrast, low quality, distorted anatomy
focus_00993	a stained glass depiction of	temple gate, frontal view	high-frequency circuit traces, fine edges	text, watermark, logo, blurry, low contrast, low quality, distorted anatomy
focus_00994	a stained glass depiction of	temple gate, frontal view	mechanical engravings, rich micro-details	text, watermark, logo, blurry, low contrast, low quality, distorted anatomy
focus_00995	a stained glass depiction of	temple gate, frontal view	intricate snake scales, dense texture	text, watermark, logo, blurry, low contrast, low quality, distorted anatomy
focus_00996	a stained glass depiction of	temple gate, frontal view	frost crystals, fine edges	text, watermark, logo, blurry, low contrast, low quality, distorted anatomy
focus_00997	a stained glass depiction of	temple gate, frontal view	ornate smoke swirls, close-up view	text, watermark, logo, blurry, low contrast, low quality, distorted anatomy
focus_00998	a stained glass depiction of	temple gate, frontal view	gemstone facets, busy surface patterns	text, watermark, logo, blurry, low contrast, low quality, distorted anatomy
focus_00999	a stained glass depiction of	temple gate, frontal view	woven threads, dense texture	text, watermark, logo, blurry, low contrast, low quality, distorted anatomy
